_id,Collision Id,Report Number,Report Version,Is Preliminary,NCIC Code,Crash Date Time,Crash Time Description,Beat,City Id,City Code,City Name,County Code,City Is Active,City Is Incorporated,Collision Type Code,Collision Type Description,Collision Type Other Desc,Day Of Week,DispatchNotified,HasPhotographs,HitRun,IsAttachmentsMailed,IsDeleted,IsHighwayRelated,IsTowAway,JudicialDistrict,MotorVehicleInvolvedWithCode,MotorVehicleInvolvedWithDesc,MotorVehicleInvolvedWithOtherDesc,NumberInjured,NumberKilled,Weather 1,Weather 2,Road Condition 1,Road Condition 2,Special Condition,LightingCode,LightingDescription,Latitude,Longitude,MilepostDirection,MilepostDistance,MilepostMarker,MilepostUnitOfMeasure,PedestrianActionCode,PedestrianActionDesc,PreparedDate,Primary Collision Factor Code,Primary Collision Factor Violation,PrimaryCollisionFactorIsCited,PrimaryCollisionPartyNumber,PrimaryRoad,ReportingDistrict,ReportingDistrictCode,ReviewedDate,RoadwaySurfaceCode,SecondaryDirection,SecondaryDistance,SecondaryRoad,SecondaryUnitOfMeasure,SketchDesc,TrafficControlDeviceCode,CreatedDate,ModifiedDate,IsCountyRoad,IsFreeway,CHP555Version,IsAdditonalObjectStruck,NotificationDate,NotificationTimeDescription,HasDigitalMediaFiles,EvidenceNumber,IsLocationReferToNarrative,IsAOIOneSameAsLocation
72093,4644186,250139176,1,False,3801,2025-03-11T07:48:00,748,3A12A,1227,3801,San Francisco,38,True,True,D,BROADSIDE,,Tuesday,,,,,False,False,False,,B,PEDESTRIAN,,1,0,CLEAR,,NO UNUSUAL CONDITIONS,,,A,DAYLIGHT,,,,,,,E,IN ROAD - INCLUDES SHOULDER,,A,22106,,1,LEAVENWORTH ST,CENTR,,,A,N,60,GREENWICH ST,F,,D,2025-04-10T07:23:17,2025-04-10T07:23:17,,,2,,,,,,,
72109,4644169,250139756,1,False,3801,2025-03-11T11:47:00,1147,3J13A,1227,3801,San Francisco,38,True,True,D,BROADSIDE,,Tuesday,,,F,,False,False,False,,B,PEDESTRIAN,,1,0,CLEAR,,NO UNUSUAL CONDITIONS,,,A,DAYLIGHT,,,,,,,F,NOT IN ROAD,,A,21235G,,1,LARKIN ST,TENDE,,,A,N,160,GOLDEN GATE AV,F,,D,2025-04-10T07:13:17,2025-04-10T07:13:17,,,2,,,,,,,
72745,4643394,250174053,1,False,3801,2025-03-27T22:31:00,2231,4,1227,3801,San Francisco,38,True,True,G,VEHICLE/PEDESTRAIN,,Thursday,,,,,False,False,False,,B,PEDESTRIAN,,1,0,CLEAR,,NO UNUSUAL CONDITIONS,,,C,DARK-STREET LIGHTS,,,,,,,B,CROSSING IN CROSS WALK AT INTERSECTION,,A,21950A,,1,OAK ST,PARK,,,A,,,BRODERICK ST,,,A,2025-04-09T13:48:15,2025-04-09T13:48:15,,,2,,,,,,,
72755,4643384,250169054,1,False,3801,2025-03-25T18:14:00,1814,H3,1227,3801,San Francisco,38,True,True,G,VEHICLE/PEDESTRAIN,,Tuesday,,,F,,False,False,False,,B,PEDESTRIAN,,2,0,CLEAR,,NO UNUSUAL CONDITIONS,,,A,DAYLIGHT,,,,,,,B,CROSSING IN CROSS WALK AT INTERSECTION,,A,22450,,1,FELTON ST,INGLE,,,A,,,HARVARD ST,,,A,2025-04-09T13:43:15,2025-04-09T13:43:15,,,2,,,,,,,
72769,4643370,250167581,1,False,3801,2025-03-25T08:52:00,852,4CAR,1227,3801,San Francisco,38,True,True,G,VEHICLE/PEDESTRAIN,,Tuesday,,,M,,False,False,False,,B,PEDESTRIAN,,1,0,CLEAR,,NO UNUSUAL CONDITIONS,,,A,DAYLIGHT,,,,,,,D,CROSSING - NOT IN CROSSWALK,,A,21954A,,1,GENEVA AV,INGLE,,,A,,,OCEAN AV,,,A,2025-04-09T13:38:15,2025-04-09T13:38:15,,,2,,,,,,,
72847,4643285,250140640,1,False,3801,2025-03-11T16:57:00,1657,5CAR,1227,3801,San Francisco,38,True,True,G,VEHICLE/PEDESTRAIN,,Tuesday,,,,,False,False,False,,B,PEDESTRIAN,,1,0,CLEAR,,NO UNUSUAL CONDITIONS,,,A,DAYLIGHT,,,,,,,B,CROSSING IN CROSS WALK AT INTERSECTION,,A,21456A,,1,WEST PORTAL AV,TARAV,,,A,,,SLOAT BL,,,A,2025-04-09T12:58:15,2025-04-09T12:58:15,,,2,,,,,,,
72861,4643270,250125608,1,False,3801,2025-03-04T11:07:00,1107,4B2A,1227,3801,San Francisco,38,True,True,G,VEHICLE/PEDESTRAIN,,Tuesday,,,,,False,False,False,,B,PEDESTRIAN,,1,0,CLEAR,,NO UNUSUAL CONDITIONS,,,A,DAYLIGHT,,,,,,,B,CROSSING IN CROSS WALK AT INTERSECTION,,A,21950A,,1,PIERCE ST,TRAFF,,,A,,,PINE ST,,,A,2025-04-09T12:53:15,2025-04-09T12:53:15,,,2,,,,,,,
72937,4643186,250143252,1,False,3801,2025-03-12T23:37:00,2337,3E13E,1227,3801,San Francisco,38,True,True,G,VEHICLE/PEDESTRAIN,,Wednesday,,,,,False,False,False,,B,PEDESTRIAN,,1,0,CLEAR,,NO UNUSUAL CONDITIONS,,,C,DARK-STREET LIGHTS,,,,,,,B,CROSSING IN CROSS WALK AT INTERSECTION,,A,21950A,,1,GOLDEN GATE AV,NORTH,,,A,,,LAGUNA ST,,,A,2025-04-09T11:58:15,2025-04-09T11:58:15,,,2,,,,,,,
72943,4643180,250142282,1,False,3801,2025-03-12T14:00:00,1400,5,1227,3801,San Francisco,38,True,True,G,VEHICLE/PEDESTRAIN,,Wednesday,,,F,,False,False,False,,B,PEDESTRIAN,,1,0,CLOUDY,,NO UNUSUAL CONDITIONS,,,A,DAYLIGHT,,,,,,,D,CROSSING - NOT IN CROSSWALK,,A,22106,,1,MISSION ST,MISSI,,,B,S,55,19TH ST,F,,D,2025-04-09T11:53:15,2025-04-09T11:53:15,,,2,,,,,,,
73122,4642990,250091883,1,False,3801,2025-02-16T16:51:00,1651,3C11D,1227,3801,San Francisco,38,True,True,G,VEHICLE/PEDESTRAIN,,Sunday,,,M,,False,False,True,,B,PEDESTRIAN,,1,0,CLEAR,,NO UNUSUAL CONDITIONS,,,A,DAYLIGHT,,,,,,,E,IN ROAD - INCLUDES SHOULDER,,A,22106,,1,ILLINOIS ST,BAYVI,,,A,,,MARIPOSA ST,,,A,2025-04-09T10:28:14,2025-04-09T10:28:14,,,2,,,,,,,
73316,4642784,250118421,1,False,3801,2025-02-28T15:55:00,1555,E6,1227,3801,San Francisco,38,True,True,G,VEHICLE/PEDESTRAIN,,Friday,,,,,False,False,False,,B,PEDESTRIAN,,1,0,CLEAR,,NO UNUSUAL CONDITIONS,,,A,DAYLIGHT,,,,,,,B,CROSSING IN CROSS WALK AT INTERSECTION,,A,21950A,,1,GOUGH ST,NORTH,,,A,,,VALLEJO ST,,,D,2025-04-09T08:48:14,2025-04-09T08:48:14,,,2,,,,,,,
73941,4642053,250110251,2,False,3801,2025-02-25T08:21:00,821,3H13A,1227,3801,San Francisco,38,True,True,G,VEHICLE/PEDESTRAIN,,Tuesday,,,,,False,False,False,,B,PEDESTRIAN,,1,0,CLEAR,,NO UNUSUAL CONDITIONS - NO UNUSUAL CONDITIONS,,,A,DAYLIGHT,,,,,,,B,CROSSING IN CROSS WALK AT INTERSECTION,,A,21950A,,1,MISSION ST,INGLE,,,A,,,COLLEGE AV,,,D,2025-04-08T15:18:11,2025-07-17T09:33:11,,,2,,,,,,,
73958,4642036,250114366,1,False,3801,2025-02-26T18:20:00,1820,3D11D,1227,3801,San Francisco,38,True,True,G,VEHICLE/PEDESTRAIN,,Wednesday,,,,,False,False,False,,B,PEDESTRIAN,,1,0,CLEAR,,NO UNUSUAL CONDITIONS,,,C,DARK-STREET LIGHTS,,,,,,,D,CROSSING - NOT IN CROSSWALK,,A,21954A,,1,MARKET ST,MISSI,,,A,N,75,DOLORES ST,F,,A,2025-04-08T15:08:11,2025-04-08T15:08:11,,,2,,,,,,,
73967,4642027,250073433,1,False,3801,2025-02-07T06:34:00,634,3D15A,1227,3801,San Francisco,38,True,True,G,VEHICLE/PEDESTRAIN,,Friday,,,,,False,False,False,,B,PEDESTRIAN,,1,0,RAINING,,NO UNUSUAL CONDITIONS,,,C,DARK-STREET LIGHTS,,,,,,,E,IN ROAD - INCLUDES SHOULDER,,A,21950B,,1,STEVENSON ST,MISSI,,,B,N,53,14TH ST,F,,A,2025-04-08T15:03:11,2025-04-08T15:03:11,,,2,,,,,,,
74179,4641804,250109583,1,False,3801,2025-02-24T19:21:00,1921,3H4D,1227,3801,San Francisco,38,True,True,G,VEHICLE/PEDESTRAIN,,Monday,,,,,False,False,False,,B,PEDESTRIAN,,1,0,OTHER,,NO UNUSUAL CONDITIONS,,,C,DARK-STREET LIGHTS,37.723050,-122.444680,,,,,B,CROSSING IN CROSS WALK AT INTERSECTION,,A,21950A,,1,SAN JOSE AV,INGLE,,,B,,,OCEAN AV,,,A,2025-04-08T13:28:09,2025-04-08T13:28:09,,,2,,,,,,,
74247,4641730,250110289,1,False,3801,2025-02-25T08:57:00,857,3G13A,1227,3801,San Francisco,38,True,True,G,VEHICLE/PEDESTRAIN,,Tuesday,,,,,False,False,False,,B,PEDESTRIAN,,1,0,CLEAR,,NO UNUSUAL CONDITIONS,,,A,DAYLIGHT,,,,,,,D,CROSSING - NOT IN CROSSWALK,,A,21955,,1,CLEMENT ST,RICHM,,,A,E,8,8TH AVE,F,,A,2025-04-08T12:58:09,2025-04-08T12:58:09,,,2,,,,,,,
74318,4641655,250029113,1,False,3801,2025-01-15T12:46:00,1246,3D16C,1227,3801,San Francisco,38,True,True,B,SIDE SWIPE,,Wednesday,,,M,,False,False,False,,B,PEDESTRIAN,,1,0,CLEAR,,NO UNUSUAL CONDITIONS,,,A,DAYLIGHT,,,,,,,C,CROSSING IN CROSS WALK - NOT AT INTERSECTION,,A,21650,,1,MISSION ST,MISSI,,,A,E,8,20TH ST,F,,D,2025-04-08T12:23:09,2025-04-08T12:23:09,,,2,,,,,,,
74474,4641488,250165262,1,False,3801,2025-03-24T07:08:00,708,D4,1227,3801,San Francisco,38,True,True,D,BROADSIDE,,Monday,,,F,,False,False,False,,B,PEDESTRIAN,,1,0,CLEAR,,NO UNUSUAL CONDITIONS,,,A,DAYLIGHT,,,,,,,B,CROSSING IN CROSS WALK AT INTERSECTION,,A,21950A,,1,BRYANT ST,MISSI,,,A,,,24TH ST,,,A,2025-04-08T11:03:09,2025-04-08T11:03:09,,,2,,,,,,,
74475,4641487,250047240,1,False,3801,2025-01-24T15:30:00,1530,,1227,3801,San Francisco,38,True,True,C,REAR END,,Friday,,,,,False,False,False,,B,PEDESTRIAN,,1,0,CLEAR,,NO UNUSUAL CONDITIONS,,,A,DAYLIGHT,,,,,,,,,,A,21954A,,1,MISSION ST,MISSI,,,A,,,20TH ST,,,D,2025-04-08T11:03:09,2025-04-08T11:03:09,,,2,,,,,,,
74476,4641486,250166232,1,False,3801,2025-03-22T11:30:00,1130,3F1C,1227,3801,San Francisco,38,True,True,G,VEHICLE/PEDESTRAIN,,Saturday,,,,,False,False,False,,B,PEDESTRIAN,,1,0,OTHER,,OTHER*,,,A,DAYLIGHT,,,,,,,B,CROSSING IN CROSS WALK AT INTERSECTION,,A,21950A,,1,FILLMORE ST,NORTH,,,,,,BUSH ST,,,A,2025-04-08T11:03:09,2025-04-08T11:03:09,,,2,,,,,,,
74715,4641160,250168363,1,False,3801,2025-03-25T14:00:00,1400,3C13A,1227,3801,San Francisco,38,True,True,D,BROADSIDE,,Tuesday,,,F,,False,False,True,,B,PEDESTRIAN,,3,0,CLEAR,,NO UNUSUAL CONDITIONS,,,A,DAYLIGHT,,,,,,,,,,A,22108,,1,INGALLS ST,BAYVI,,,A,,,OAKDALE AV,,,D,2025-04-08T09:23:08,2025-04-08T09:23:08,,,2,,,,,,,
74874,4640981,250129371,1,False,3801,2025-03-06T08:10:00,810,3A3,1227,3801,San Francisco,38,True,True,G,VEHICLE/PEDESTRAIN,,Thursday,,,,,False,False,False,,B,PEDESTRIAN,,1,0,CLEAR,,NO UNUSUAL CONDITIONS,,,A,DAYLIGHT,,,,,,,B,CROSSING IN CROSS WALK AT INTERSECTION,,A,21950A,,1,POLK ST,CENTR,,,A,,,NORTH POINT ST,,,A,2025-04-08T08:28:08,2025-04-08T08:28:08,,,2,,,,,,,
76147,4639502,9335-2025-00793,1,False,9335,2025-03-28T23:00:00,2300,080,1227,3801,San Francisco,38,True,True,G,VEHICLE/PEDESTRAIN,,Friday,Yes,False,,,False,True,False,SAN FRANCISCO SUPERIOR COURT CIVIC CENTER COURTHOUSE,B,PEDESTRIAN,,1,0,CLEAR,,NO UNUSUAL CONDITIONS,,,E,DARK-STREET LIGHTS NOT FUNCTIONING*,37.780526,-122.399626,,,,,D,CROSSING - NOT IN CROSSWALK,2025-03-28T23:00:00,A,VC 21954(a),False,1,4TH STREET TO I-80 W/B,,,2025-04-07T09:05:54,A,E,40,4TH STREET,F,,A,2025-04-07T09:05:59,2025-04-07T09:05:59,False,True,4,,2025-03-28T23:05:00,2305,True,EMBEDDED,,True
82865,4654704,250151227,1,False,3801,2025-03-17T10:47:00,1047,3A4A,1227,3801,San Francisco,38,True,True,H,OTHER,,Monday,,,,,False,False,False,,B,PEDESTRIAN,,1,0,CLOUDY,RAINING,NO UNUSUAL CONDITIONS,,,A,DAYLIGHT,,,,,,,B,CROSSING IN CROSS WALK AT INTERSECTION,,A,21453D,,1,JACKSON ST,CENTR,,,B,,,STOCKTON ST,,,A,2025-04-18T08:54:58,2025-04-18T08:54:58,,,2,,,,,,,
83418,4653991,250136069,1,False,3801,2025-03-09T13:49:00,1349,5D,1227,3801,San Francisco,38,True,True,A,HEAD-ON,,Sunday,,,,,False,False,False,,B,PEDESTRIAN,,1,0,CLEAR,,NO UNUSUAL CONDITIONS,,,A,DAYLIGHT,,,,,,,B,CROSSING IN CROSS WALK AT INTERSECTION,,D,,,,MISSION ST,MISSI,,,A,,,16TH ST,,,A,2025-04-17T15:14:56,2025-04-17T15:14:56,,,2,,,,,,,
85823,4651421,250156835,1,False,3801,2025-03-19T19:10:00,1910,3801,1227,3801,San Francisco,38,True,True,G,VEHICLE/PEDESTRAIN,,Wednesday,,,,,False,False,False,,B,PEDESTRIAN,,1,0,RAINING,,NO UNUSUAL CONDITIONS,,,C,DARK-STREET LIGHTS,,,,,,,D,CROSSING - NOT IN CROSSWALK,,A,21456A,,1,4TH ST,SOUTH,,,B,,,FOLSOM ST,,,A,2025-04-16T07:04:47,2025-04-16T07:04:47,,,2,,,,,,,
85837,4651407,250147599,1,False,3801,2025-03-15T08:13:00,813,3H16A,1227,3801,San Francisco,38,True,True,,,,Saturday,,,,,False,False,False,,B,PEDESTRIAN,,2,0,CLEAR,,NO UNUSUAL CONDITIONS,,,A,DAYLIGHT,,,,,,,B,CROSSING IN CROSS WALK AT INTERSECTION,,A,21950A,,1,GENEVA AV,INGLE,,,A,,,BROOKDALE AV,,,A,2025-04-16T06:54:47,2025-04-16T06:54:47,,,2,,,,,,,
85860,4651384,250157899,1,False,3801,2025-03-20T11:34:00,1134,5D,1227,3801,San Francisco,38,True,True,G,VEHICLE/PEDESTRAIN,,Thursday,,,F,,False,False,False,,B,PEDESTRIAN,,1,0,,,LOOSE MATERIAL ON ROADWAY*,,,A,DAYLIGHT,,,,,,,F,NOT IN ROAD,,A,22350,,1,WIESE ST,MISSI,,,A,N,19,16TH ST,F,,D,2025-04-16T06:39:47,2025-04-16T06:39:47,,,2,,,,,,,
85877,4651367,250150508,1,False,3801,2025-03-16T23:22:00,2322,3D15E,1227,3801,San Francisco,38,True,True,G,VEHICLE/PEDESTRAIN,,Sunday,,,,,False,False,False,,B,PEDESTRIAN,,1,0,RAINING,,NO UNUSUAL CONDITIONS,,,C,DARK-STREET LIGHTS,,,,,,,B,CROSSING IN CROSS WALK AT INTERSECTION,,A,21950A,,1,MISSION ST,MISSI,,,B,,,14TH ST,,,A,2025-04-16T06:29:47,2025-04-16T06:29:47,,,2,,,,,,,
85878,4651366,250154168,1,False,3801,2025-03-18T15:20:00,1520,3E13D,1227,3801,San Francisco,38,True,True,G,VEHICLE/PEDESTRAIN,,Tuesday,,,F,,False,False,False,,B,PEDESTRIAN,,1,0,CLEAR,,NO UNUSUAL CONDITIONS,,,A,DAYLIGHT,,,,,,,F,NOT IN ROAD,,A,21235G,,1,FRANKLIN ST,NORTH,,,A,S,45,MCALLISTER ST,F,,D,2025-04-16T06:29:47,2025-04-16T06:29:47,,,2,,,,,,,
85885,4651359,250153342,1,False,3801,2025-03-18T09:00:00,900,3C1A,1227,3801,San Francisco,38,True,True,,,,Tuesday,,,,,False,False,False,,B,PEDESTRIAN,,1,0,CLEAR,,NO UNUSUAL CONDITIONS,,,A,DAYLIGHT,,,,,,,B,CROSSING IN CROSS WALK AT INTERSECTION,,A,21950,,1,MARIPOSA ST,BAYVI,,,A,,,PENNSYLVANIA AV,,,A,2025-04-16T06:24:47,2025-04-16T06:24:47,,,2,,,,,,,
87189,4649937,250145048,1,False,3801,2025-03-13T19:39:00,1939,3E15D,1227,3801,San Francisco,38,True,True,G,VEHICLE/PEDESTRAIN,,Thursday,,,,,False,False,False,,B,PEDESTRIAN,,1,0,CLEAR,,NO UNUSUAL CONDITIONS,,,C,DARK-STREET LIGHTS,,,,,,,B,CROSSING IN CROSS WALK AT INTERSECTION,,A,21453A,,1,WEBSTER ST,NORTH,,,A,,,EDDY ST,,,A,2025-04-15T09:39:44,2025-04-15T09:39:44,,,2,,,,,,,
87207,4649917,250146654,1,False,3801,2025-03-11T16:00:00,1600,3113D,1227,3801,San Francisco,38,True,True,G,VEHICLE/PEDESTRAIN,,Tuesday,,,,,False,False,False,,B,PEDESTRIAN,,1,0,CLEAR,,NO UNUSUAL CONDITIONS,,,A,DAYLIGHT,,,,,,,B,CROSSING IN CROSS WALK AT INTERSECTION,,A,21950A,,1,QUINTARA ST,TARAV,,,A,,,24TH AV,,,A,2025-04-15T09:29:44,2025-04-15T09:29:44,,,2,,,,,,,
87420,4649680,250121189,1,False,3801,2025-03-02T04:07:00,407,3,1227,3801,San Francisco,38,True,True,G,VEHICLE/PEDESTRAIN,,Sunday,,,F,,False,False,False,,B,PEDESTRIAN,,1,0,RAINING,,NO UNUSUAL CONDITIONS,,,C,DARK-STREET LIGHTS,,,,,,,B,CROSSING IN CROSS WALK AT INTERSECTION,,A,22350,,1,GOUGH ST,PARK,,,B,E,20,GOLDEN GATE AV,F,,,2025-04-15T07:54:44,2025-04-15T07:54:44,,,2,,,,,,,
87430,4649666,250167525,1,False,3801,2025-03-25T08:32:00,832,3I41,1227,3801,San Francisco,38,True,True,G,VEHICLE/PEDESTRAIN,,Tuesday,,,,,False,False,False,,B,PEDESTRIAN,,1,0,CLEAR,,NO UNUSUAL CONDITIONS,,,A,DAYLIGHT,,,,,,,B,CROSSING IN CROSS WALK AT INTERSECTION,,A,21456A,,1,LINCOLN WY,TARAV,,,A,,,9TH AV,,,A,2025-04-15T07:49:44,2025-04-15T07:49:44,,,2,,,,,,,
87431,4649665,250120200,1,False,3801,2025-03-01T14:51:00,1451,3A13A,1227,3801,San Francisco,38,True,True,G,VEHICLE/PEDESTRAIN,,Saturday,,,,,False,False,False,,B,PEDESTRIAN,,1,0,CLEAR,,NO UNUSUAL CONDITIONS,,,A,DAYLIGHT,,,,,,,B,CROSSING IN CROSS WALK AT INTERSECTION,,A,21950A,,1,BAY ST,CENTR,,,A,,,MASON ST,,,A,2025-04-15T07:49:44,2025-04-15T07:49:44,,,2,,,,,,,
87473,4649614,250152902,1,False,3801,2025-03-18T08:50:00,850,3,1227,3801,San Francisco,38,True,True,G,VEHICLE/PEDESTRAIN,,Tuesday,,,,,False,False,False,,B,PEDESTRIAN,,2,0,CLEAR,,NO UNUSUAL CONDITIONS,,,A,DAYLIGHT,,,,,,,B,CROSSING IN CROSS WALK AT INTERSECTION,,A,21950A,,1,BALBOA ST,RICHM,,,A,,,11TH AV,,,D,2025-04-15T07:34:43,2025-04-15T07:34:43,,,2,,,,,,,
88023,4648957,250168614,1,False,3801,2025-03-25T15:19:00,1519,3146,1227,3801,San Francisco,38,True,True,G,VEHICLE/PEDESTRAIN,,Tuesday,,,,,False,False,False,,B,PEDESTRIAN,,1,0,CLEAR,,NO UNUSUAL CONDITIONS,,,A,DAYLIGHT,,,,,,,B,CROSSING IN CROSS WALK AT INTERSECTION,,A,21950A,,1,NORIEGA ST,TARAV,,,A,,,22ND AV,,,D,2025-04-14T15:09:41,2025-04-14T15:09:41,,,2,,,,,,,
88056,4648921,250130215,1,False,3801,2025-03-06T15:30:00,1530,MISSI,1227,3801,San Francisco,38,True,True,C,REAR END,,Thursday,,,,,False,False,False,,B,PEDESTRIAN,,1,0,CLEAR,,NO UNUSUAL CONDITIONS,,,A,DAYLIGHT,,,,,,,F,NOT IN ROAD,,A,22106,,1,CAPP ST,MISSI,,,A,,,21ST ST,,,D,2025-04-14T14:49:41,2025-04-14T14:49:41,,,2,,,,,,,
88133,4648838,250126844,1,False,3801,2025-03-04T21:11:00,2111,3D16E,1227,3801,San Francisco,38,True,True,G,VEHICLE/PEDESTRAIN,,Tuesday,,,,,False,False,False,,B,PEDESTRIAN,,1,0,CLEAR,,NO UNUSUAL CONDITIONS,,,C,DARK-STREET LIGHTS,,,,,,,B,CROSSING IN CROSS WALK AT INTERSECTION,,A,21950A,,1,BRYANT ST,MISSI,,,A,,,ALAMEDA ST,,,D,2025-04-14T14:09:41,2025-04-14T14:09:41,,,2,,,,,,,
88290,4648668,250132192,1,False,3801,2025-03-07T13:17:00,1317,3D2A,1227,3801,San Francisco,38,True,True,G,VEHICLE/PEDESTRAIN,,Friday,,,,,False,False,True,,B,PEDESTRIAN,,1,0,CLEAR,,NO UNUSUAL CONDITIONS,,,A,DAYLIGHT,,,,,,,B,CROSSING IN CROSS WALK AT INTERSECTION,,A,21950A,,1,DOLORES ST,MISSI,,,A,,,26TH ST,,,,2025-04-14T12:54:40,2025-04-14T12:54:40,,,2,,,,,,,
97784,4660576,9335-2025-00939,1,False,9335,2025-04-16T04:50:00,450,022,1227,3801,San Francisco,38,True,True,G,VEHICLE/PEDESTRAIN,,Wednesday,Yes,False,M,,False,True,False,SAN FRANCISCO SUPERIOR COURT CIVIC CENTER COURTHOUSE,B,PEDESTRIAN,,0,0,CLEAR,,NO UNUSUAL CONDITIONS,,,D,DARK-NO STREET LIGHTS,37.721897,-122.448073,,,,,E,IN ROAD - INCLUDES SHOULDER,2025-04-16T04:50:00,A,VC 21960(A),False,1,I-280 S/B,,,2025-04-23T15:42:05,A,S,350,OCEAN AVE,F,,D,2025-04-23T15:42:08,2025-04-23T15:42:08,False,True,4,,2025-04-16T05:43:00,0543,True,AREA PHOTO FILE,,True
110855,4692216,250104919,1,False,3801,2025-02-22T15:00:00,1500,3A50C,1227,3801,San Francisco,38,True,True,B,SIDE SWIPE,,Saturday,,,,,False,False,False,,G,BICYCLE,,1,0,CLEAR,,NO UNUSUAL CONDITIONS,,,A,DAYLIGHT,,,,,,,B,CROSSING IN CROSS WALK AT INTERSECTION,,A,21453A,,1,JEFFERSON ST,CENTR,,,A,,,MASON ST,,,A,2025-05-19T09:36:13,2025-05-19T09:36:13,,,2,,,,,,,
112513,4690200,250220731,1,False,3801,2025-04-20T19:20:00,1920,3D105,1227,3801,San Francisco,38,True,True,F,OVERTURNED,,Sunday,,,,,False,False,False,,A,NON-COLLISION,,2,0,CLEAR,,NO UNUSUAL CONDITIONS,,,A,DAYLIGHT,,,,,,,E,IN ROAD - INCLUDES SHOULDER,,A,22350,,,FOLSOM ST,MISSI,,,A,N,20,17TH ST,F,,D,2025-05-16T09:35:32,2025-05-16T09:35:32,,,2,,,,,,,
112836,4689865,250211887,1,False,3801,2025-04-16T08:25:00,825,3B5A,1227,3801,San Francisco,38,True,True,H,OTHER,,Wednesday,,,,,False,False,False,,,,,1,0,CLEAR,,NO UNUSUAL CONDITIONS,,,A,DAYLIGHT,,,,,,,D,CROSSING - NOT IN CROSSWALK,,A,21966A,,1,TOWNSEND ST,SOUTH,,,A,W,80,4TH ST,F,,A,2025-05-16T06:15:31,2025-05-16T06:15:31,,,2,,,,,,,
113550,4689000,250212954,2,False,3801,2025-04-16T17:05:00,1705,15000,1227,3801,San Francisco,38,True,True,G,VEHICLE/PEDESTRAIN,,Wednesday,,,F,,False,False,False,,B,PEDESTRIAN,,1,0,CLEAR,,NO UNUSUAL CONDITIONS - NO UNUSUAL CONDITIONS,,,A,DAYLIGHT,,,,,,,D,CROSSING - NOT IN CROSSWALK,,A,22107,,1,4TH ST,SOUTH,,,A,,,HARRISON ST,,,B,2025-05-15T11:59:58,2025-07-17T09:32:00,,,2,,,,,,,
114723,4687575,250233041,1,False,3801,2025-04-26T20:40:00,2040,2,1227,3801,San Francisco,38,True,True,G,VEHICLE/PEDESTRAIN,,Saturday,,,,,False,False,False,,B,PEDESTRIAN,,2,0,RAINING,,NO UNUSUAL CONDITIONS,,,C,DARK-STREET LIGHTS,,,,,,,B,CROSSING IN CROSS WALK AT INTERSECTION,,A,21950A,,1,HYDE ST,CENTR,,,B,,,SUTTER ST,,,A,2025-05-14T14:14:54,2025-05-14T14:14:54,,,2,,,,,,,
115007,4687283,250208709,1,False,3801,2025-04-14T13:15:00,1315,3E14D,1227,3801,San Francisco,38,True,True,G,VEHICLE/PEDESTRAIN,,Monday,,,,,False,False,False,,B,PEDESTRIAN,,1,0,CLEAR,,NO UNUSUAL CONDITIONS,,,A,DAYLIGHT,,,,,,,B,CROSSING IN CROSS WALK AT INTERSECTION,,A,21950A,,1,FILBERT ST,NORTH,,,A,W,12,LAGUNA ST,F,,A,2025-05-14T11:44:53,2025-05-14T11:44:53,,,2,,,,,,,
115012,4687278,250199352,1,False,3801,2025-04-09T13:03:00,1303,3A2,1227,3801,San Francisco,38,True,True,G,VEHICLE/PEDESTRAIN,,Wednesday,,,,,False,False,False,,B,PEDESTRIAN,,1,0,CLEAR,,NO UNUSUAL CONDITIONS,,,A,DAYLIGHT,,,,,,,B,CROSSING IN CROSS WALK AT INTERSECTION,,A,21950A,,1,POST ST,CENTR,,,A,,,STOCKTON ST,,,A,2025-05-14T11:39:53,2025-05-14T11:39:53,,,2,,,,,,,
115547,4686712,250222793,1,False,3801,2025-04-21T20:19:00,2019,3B60,1227,3801,San Francisco,38,True,True,G,VEHICLE/PEDESTRAIN,,Monday,,,,,False,False,True,,B,PEDESTRIAN,,1,0,CLEAR,,NO UNUSUAL CONDITIONS,,,C,DARK-STREET LIGHTS,,,,,,,B,CROSSING IN CROSS WALK AT INTERSECTION,,A,22107,,1,MISSION ST,SOUTH,,,A,,,8TH ST,,,A,2025-05-14T06:34:52,2025-05-14T06:34:52,,,2,,,,,,,