_id,Collision Id,Report Number,Report Version,Is Preliminary,NCIC Code,Crash Date Time,Crash Time Description,Beat,City Id,City Code,City Name,County Code,City Is Active,City Is Incorporated,Collision Type Code,Collision Type Description,Collision Type Other Desc,Day Of Week,DispatchNotified,HasPhotographs,HitRun,IsAttachmentsMailed,IsDeleted,IsHighwayRelated,IsTowAway,JudicialDistrict,MotorVehicleInvolvedWithCode,MotorVehicleInvolvedWithDesc,MotorVehicleInvolvedWithOtherDesc,NumberInjured,NumberKilled,Weather 1,Weather 2,Road Condition 1,Road Condition 2,Special Condition,LightingCode,LightingDescription,Latitude,Longitude,MilepostDirection,MilepostDistance,MilepostMarker,MilepostUnitOfMeasure,PedestrianActionCode,PedestrianActionDesc,PreparedDate,Primary Collision Factor Code,Primary Collision Factor Violation,PrimaryCollisionFactorIsCited,PrimaryCollisionPartyNumber,PrimaryRoad,ReportingDistrict,ReportingDistrictCode,ReviewedDate,RoadwaySurfaceCode,SecondaryDirection,SecondaryDistance,SecondaryRoad,SecondaryUnitOfMeasure,SketchDesc,TrafficControlDeviceCode,CreatedDate,ModifiedDate,IsCountyRoad,IsFreeway,CHP555Version,IsAdditonalObjectStruck,NotificationDate,NotificationTimeDescription,HasDigitalMediaFiles,EvidenceNumber,IsLocationReferToNarrative,IsAOIOneSameAsLocation
151115,4739490,250269927,1,False,3801,2025-05-14T08:48:00,848,,1227,3801,San Francisco,38,True,True,H,OTHER,,Wednesday,,,,,False,False,False,,,,,2,0,CLEAR,,NO UNUSUAL CONDITIONS,,,A,DAYLIGHT,,,,,,,E,IN ROAD - INCLUDES SHOULDER,,A,21954A,,1,FOLSOM ST,SOUTH,,,A,E,11,4TH ST,F,,A,2025-06-25T12:46:31,2025-06-25T12:46:31,,,2,,,,,,,
151118,4739487,250254097,1,False,3801,2025-05-06T18:20:00,1820,3E,1227,3801,San Francisco,38,True,True,D,BROADSIDE,,Tuesday,,,,,False,False,False,,B,PEDESTRIAN,,1,0,CLEAR,,NO UNUSUAL CONDITIONS,,,A,DAYLIGHT,,,,,,,B,CROSSING IN CROSS WALK AT INTERSECTION,,A,21453,,,TURK BL,NORTH,,,A,E,1,LAGUNA ST,F,,A,2025-06-25T12:46:31,2025-06-25T12:46:31,,,2,,,,,,,
152405,4737992,250247804,1,False,3801,2025-05-03T15:08:00,1508,3H15D,1227,3801,San Francisco,38,True,True,G,VEHICLE/PEDESTRAIN,,Saturday,,,,,False,False,False,,B,PEDESTRIAN,,1,0,CLEAR,,NO UNUSUAL CONDITIONS,,,A,DAYLIGHT,,,,,,,B,CROSSING IN CROSS WALK AT INTERSECTION,,A,21950A,,1,MISSION ST,INGLE,,,A,S,5,GENEVA AV,F,,A,2025-06-24T14:25:56,2025-06-24T14:25:56,,,2,,,,,,,
152643,4737746,250224517,2,False,3801,2025-04-22T14:59:00,1459,1-CAR,1227,3801,San Francisco,38,True,True,G,VEHICLE/PEDESTRAIN,,Tuesday,,,F,,False,False,False,,B,PEDESTRIAN,,1,0,CLEAR,,NO UNUSUAL CONDITIONS - NO UNUSUAL CONDITIONS,,,A,DAYLIGHT,,,,,,,B,CROSSING IN CROSS WALK AT INTERSECTION,,A,21950A,,1,JONES ST,CENTR,,,A,,,SACRAMENTO ST,,,A,2025-06-24T12:40:55,2025-07-17T09:33:25,,,2,,,,,,,
153029,4737357,250292376,1,False,3801,2025-05-25T13:30:00,1330,3A11A,1227,3801,San Francisco,38,True,True,G,VEHICLE/PEDESTRAIN,,Sunday,,,,,False,False,False,,B,PEDESTRIAN,,1,0,CLEAR,,NO UNUSUAL CONDITIONS,,,A,DAYLIGHT,,,,,,,B,CROSSING IN CROSS WALK AT INTERSECTION,,A,21950A,,1,NORTH POINT,CENTR,,,A,,,COLUMBUS AV,,,A,2025-06-24T09:25:54,2025-06-24T09:25:54,,,2,,,,,,,
153164,4737221,250294184,1,False,3801,2025-05-26T07:30:00,730,3C12A,1227,3801,San Francisco,38,True,True,G,VEHICLE/PEDESTRAIN,,Monday,,,,,False,False,False,,B,PEDESTRIAN,,1,0,CLEAR,,NO UNUSUAL CONDITIONS,,,A,DAYLIGHT,,,,,,,E,IN ROAD - INCLUDES SHOULDER,,A,22106,,1,JERROLD AV,BAYVI,,,A,,,JERROLD AV 2001,,,A,2025-06-24T08:40:54,2025-06-24T08:40:54,,,2,,,,,,,
154370,4735828,250257483,1,False,3801,2025-05-08T07:55:00,755,908,1227,3801,San Francisco,38,True,True,G,VEHICLE/PEDESTRAIN,,Thursday,,,,,False,False,False,,B,PEDESTRIAN,,1,0,CLEAR,,NO UNUSUAL CONDITIONS,,,A,DAYLIGHT,,,,,,,E,IN ROAD - INCLUDES SHOULDER,,A,22350,,1,SACRAMENTO ST,RICHM,,,A,,,DIVISADERO ST,,,D,2025-06-23T11:10:50,2025-06-23T11:10:50,,,2,,,,,,,
154657,4735536,250260862,2,False,3801,2025-05-09T15:40:00,1540,B5,1227,3801,San Francisco,38,True,True,C,REAR END,,Friday,,,F,,False,False,False,,C,OTHER MOTOR VEHICLE,,2,0,CLEAR,,NO UNUSUAL CONDITIONS - NO UNUSUAL CONDITIONS,,,A,DAYLIGHT,,,,,,,B,CROSSING IN CROSS WALK AT INTERSECTION,,A,22350A,,1,VERMONT ST,SOUTH,,,A,,,17TH ST,,,D,2025-06-23T08:55:49,2025-07-17T09:33:23,,,2,,,,,,,
154723,4735465,250040896,1,False,3801,2025-01-21T15:30:00,1530,3A14D,1227,3801,San Francisco,38,True,True,A,HEAD-ON,,Tuesday,,,,,False,False,False,,B,PEDESTRIAN,,1,0,CLEAR,,NO UNUSUAL CONDITIONS,,,A,DAYLIGHT,,,,,,,D,CROSSING - NOT IN CROSSWALK,,A,21955,,1,MONTGOMERY ST,CENTR,,,A,,,WASHINGTON ST,,,D,2025-06-23T08:30:49,2025-06-23T08:30:49,,,2,,,,,,,
154869,4735314,250248062,1,False,3801,2025-05-03T17:53:00,1753,E5,1227,3801,San Francisco,38,True,True,B,SIDE SWIPE,,Saturday,,,,,False,False,False,,B,PEDESTRIAN,,1,0,CLEAR,,NO UNUSUAL CONDITIONS,,,A,DAYLIGHT,,,,,,,D,CROSSING - NOT IN CROSSWALK,,A,21955,,1,GREENWICH ST,NORTH,,,A,W,83,FILLMORE ST,F,,D,2025-06-23T07:35:49,2025-06-23T07:35:49,,,2,,,,,,,
154870,4735313,250246759,1,False,3801,2025-05-02T22:36:00,2236,3E13E,1227,3801,San Francisco,38,True,True,G,VEHICLE/PEDESTRAIN,,Friday,,,F,,False,False,False,,B,PEDESTRIAN,,1,0,CLEAR,,NO UNUSUAL CONDITIONS,,,C,DARK-STREET LIGHTS,,,,,,,E,IN ROAD - INCLUDES SHOULDER,,A,22350,,1,DIVISADERO ST,NORTH,,,A,,,BUSH ST,,,A,2025-06-23T07:35:49,2025-06-23T07:35:49,,,2,,,,,,,
154897,4735279,250243971,1,False,3801,2025-05-01T18:51:00,1851,3E13D,1227,3801,San Francisco,38,True,True,G,VEHICLE/PEDESTRAIN,,Thursday,,,,,False,False,False,,B,PEDESTRIAN,,1,0,CLEAR,,NO UNUSUAL CONDITIONS,,,A,DAYLIGHT,,,,,,,E,IN ROAD - INCLUDES SHOULDER,,A,21954A,,1,POLK ST,NORTH,,,A,N,35,WILLOW ST,F,,D,2025-06-23T07:25:49,2025-06-23T07:25:49,,,2,,,,,,,
154914,4735261,250245739,1,False,3801,2025-05-02T15:14:00,1514,901,1227,3801,San Francisco,38,True,True,A,HEAD-ON,,Friday,,,,,False,False,False,,B,PEDESTRIAN,,1,0,CLEAR,,NO UNUSUAL CONDITIONS,,,A,DAYLIGHT,,,,,,,F,NOT IN ROAD,,A,22350,,1,EMBARCADERO,CENTR,,,A,,,EMBARCADERO 1,,,D,2025-06-23T07:15:49,2025-06-23T07:15:49,,,2,,,,,,,
154924,4735251,250243614,1,False,3801,2025-05-01T15:53:00,1553,3B12D,1227,3801,San Francisco,38,True,True,G,VEHICLE/PEDESTRAIN,,Thursday,,,F,,False,False,False,,B,PEDESTRIAN,,1,0,CLEAR,,NO UNUSUAL CONDITIONS,,,A,DAYLIGHT,,,,,,,D,CROSSING - NOT IN CROSSWALK,,A,21955A,,1,6TH ST,SOUTH,,,A,S,79,MISSION ST,F,,A,2025-06-23T07:10:49,2025-06-23T07:10:49,,,2,,,,,,,
154947,4735228,250247202,1,False,3801,2025-05-03T09:55:00,955,3D11A,1227,3801,San Francisco,38,True,True,G,VEHICLE/PEDESTRAIN,,Saturday,,,F,,False,False,False,,B,PEDESTRIAN,,1,0,CLEAR,,NO UNUSUAL CONDITIONS,,,A,DAYLIGHT,,,,,,,F,NOT IN ROAD,,A,22350,,1,NOE ST,MISSI,,,A,S,134,MARKET ST,F,,D,2025-06-23T06:55:49,2025-06-23T06:55:49,,,2,,,,,,,
154957,4735217,250253710,1,False,3801,2025-05-06T15:00:00,1500,A3,1227,3801,San Francisco,38,True,True,A,HEAD-ON,,Tuesday,,,,,False,False,False,,B,PEDESTRIAN,,1,0,CLEAR,,OTHER*,,,A,DAYLIGHT,,,,,,,B,CROSSING IN CROSS WALK AT INTERSECTION,,A,21950A,,1,JONES ST,CENTR,,,A,S,12,FRANCISCO ST,F,,D,2025-06-23T06:50:48,2025-06-23T06:50:48,,,2,,,,,,,
155848,4733808,250276160,1,False,3801,2025-05-16T22:30:00,2230,3D16E,1227,3801,San Francisco,38,True,True,,,,Friday,,,F,,False,False,False,,B,PEDESTRIAN,,1,0,CLEAR,,NO UNUSUAL CONDITIONS,,,C,DARK-STREET LIGHTS,,,,,,,B,CROSSING IN CROSS WALK AT INTERSECTION,,A,21950A,,1,SOUTH VAN NESS AV,MISSI,,,A,,,15TH ST,,,A,2025-06-20T12:35:42,2025-06-20T12:35:42,,,2,,,,,,,
155858,4733798,250275457,1,False,3801,2025-05-16T15:30:00,1530,901,1227,3801,San Francisco,38,True,True,G,VEHICLE/PEDESTRAIN,,Friday,,,,,False,False,False,,B,PEDESTRIAN,,1,0,CLEAR,,NO UNUSUAL CONDITIONS,,,A,DAYLIGHT,,,,,,,D,CROSSING - NOT IN CROSSWALK,,A,21950B,,1,3RD ST,BAYVI,,,A,S,35,QUESADA AV,F,,D,2025-06-20T12:30:42,2025-06-20T12:30:42,,,2,,,,,,,
155864,4733792,250255590,1,False,3801,2025-05-07T14:10:00,1410,3E11C,1227,3801,San Francisco,38,True,True,G,VEHICLE/PEDESTRAIN,,Wednesday,,,,,False,False,False,,B,PEDESTRIAN,,1,0,CLEAR,,NO UNUSUAL CONDITIONS,,,A,DAYLIGHT,,,,,,,B,CROSSING IN CROSS WALK AT INTERSECTION,,A,21950A,,1,DIVISADERO ST,NORTH,,,A,S,5,TURK ST,F,,A,2025-06-20T12:25:42,2025-06-20T12:25:42,,,2,,,,,,,
155920,4733736,250254605,1,False,3801,2025-05-06T23:50:00,2350,3E1E,1227,3801,San Francisco,38,True,True,D,BROADSIDE,,Tuesday,,,,,False,False,False,,B,PEDESTRIAN,,1,0,CLEAR,,NO UNUSUAL CONDITIONS,,,C,DARK-STREET LIGHTS,,,,,,,E,IN ROAD - INCLUDES SHOULDER,,A,21453D,,1,HAIGHT ST,NORTH,,,A,,,OCTAVIA ST,,,A,2025-06-20T11:25:41,2025-06-20T11:25:41,,,2,,,,,,,
155944,4733712,250251968,1,False,3801,2025-05-05T20:20:00,2020,4,1227,3801,San Francisco,38,True,True,G,VEHICLE/PEDESTRAIN,,Monday,,,,,False,False,False,,B,PEDESTRIAN,,1,0,CLEAR,,NO UNUSUAL CONDITIONS,,,C,DARK-STREET LIGHTS,,,,,,,D,CROSSING - NOT IN CROSSWALK,,A,21955A,,1,STOCKTON ST,CENTR,,,A,,,WASHINGTON ST,,,D,2025-06-20T11:05:41,2025-06-20T11:05:41,,,2,,,,,,,
155991,4733664,250250277,1,False,3801,2025-05-05T08:11:00,811,3H12A,1227,3801,San Francisco,38,True,True,G,VEHICLE/PEDESTRAIN,,Monday,,,,,False,False,False,,B,PEDESTRIAN,,1,0,CLEAR,,NO UNUSUAL CONDITIONS,,,A,DAYLIGHT,,,,,,,B,CROSSING IN CROSS WALK AT INTERSECTION,,A,21950A,,1,DIAMOND HEIGHTS BL,INGLE,,,A,,,DIAMOND ST,,,A,2025-06-20T10:45:41,2025-06-20T10:45:41,,,2,,,,,,,
156126,4733524,250288557,1,False,3801,2025-05-23T10:50:00,1050,5,1227,3801,San Francisco,38,True,True,D,BROADSIDE,,Friday,,,M,,False,False,False,,B,PEDESTRIAN,,0,0,CLEAR,,NO UNUSUAL CONDITIONS,,,A,DAYLIGHT,,,,,,,B,CROSSING IN CROSS WALK AT INTERSECTION,,A,22450A,,1,FILLMORE ST,NORTH,,,A,S,13,UNION ST,F,,A,2025-06-20T09:15:41,2025-06-20T09:15:41,,,2,,,,,,,
156345,4733300,250277124,1,False,3801,2025-05-17T14:52:00,1452,3J15A,1227,3801,San Francisco,38,True,True,E,HIT OBJECT,,Saturday,,,F,,False,False,False,,H,ANIMAL,,1,0,CLEAR,,NO UNUSUAL CONDITIONS,,,A,DAYLIGHT,,,,,,,B,CROSSING IN CROSS WALK AT INTERSECTION,,A,21950C,,1,LEAVENWORTH ST,TENDE,,,A,,,TURK ST,,,A,2025-06-20T07:05:41,2025-06-20T07:05:41,,,2,,,,,,,
156961,4732451,250247434,1,False,3801,2025-05-03T12:16:00,1216,4,1227,3801,San Francisco,38,True,True,B,SIDE SWIPE,,Saturday,,,,,False,False,False,,B,PEDESTRIAN,,1,0,CLEAR,,NO UNUSUAL CONDITIONS,,,A,DAYLIGHT,,,,,,,B,CROSSING IN CROSS WALK AT INTERSECTION,,A,21950B,,1,LEAVENWORTH ST,TENDE,,,A,N,9,TURK ST,F,,A,2025-06-19T13:35:38,2025-06-19T13:35:38,,,2,,,,,,,
158201,4730953,250271091,1,False,3801,2025-05-14T16:27:00,1627,214D,1227,3801,San Francisco,38,True,True,G,VEHICLE/PEDESTRAIN,,Wednesday,,,,,False,False,False,,B,PEDESTRIAN,,1,0,CLEAR,,NO UNUSUAL CONDITIONS,,,A,DAYLIGHT,,,,,,,B,CROSSING IN CROSS WALK AT INTERSECTION,,A,21950A,,1,WEST PORTAL AV,TARAV,,,A,,,15TH AV,,,A,2025-06-18T14:20:34,2025-06-18T14:20:34,,,2,,,,,,,
158272,4730879,250271568,1,False,3801,2025-05-14T20:11:00,2011,3B13D,1227,3801,San Francisco,38,True,True,H,OTHER,,Wednesday,,,,,False,False,False,,G,BICYCLE,,1,0,CLEAR,,NO UNUSUAL CONDITIONS,,,,,,,,,,,D,CROSSING - NOT IN CROSSWALK,,A,21955,,1,FOLSOM ST,SOUTH,,,A,,,7TH ST,,,D,2025-06-18T13:35:33,2025-06-18T13:35:33,,,2,,,,,,,
158293,4730856,250264290,1,False,3801,2025-05-11T13:53:00,1353,4B4A,1227,3801,San Francisco,38,True,True,H,OTHER,,Sunday,,,,,False,False,False,,B,PEDESTRIAN,,1,0,CLEAR,,NO UNUSUAL CONDITIONS,,,A,DAYLIGHT,,,,,,,B,CROSSING IN CROSS WALK AT INTERSECTION,,A,21453A,,1,MARKET ST,TRAFF,,,A,W,11,2ND ST,F,,A,2025-06-18T13:20:33,2025-06-18T13:20:33,,,2,,,,,,,
158867,4730231,250279647,1,False,3801,2025-05-19T07:50:00,750,4CAR,1227,3801,San Francisco,38,True,True,G,VEHICLE/PEDESTRAIN,,Monday,,,,,False,False,False,,B,PEDESTRIAN,,1,0,CLEAR,,NO UNUSUAL CONDITIONS,,,A,DAYLIGHT,,,,,,,B,CROSSING IN CROSS WALK AT INTERSECTION,,A,21950A,,1,ALEMANY BL,INGLE,,,A,,,SAN JUAN AV,,,A,2025-06-18T08:30:32,2025-06-18T08:30:32,,,2,,,,,,,
159011,4730085,9335-2025-00541,1,False,9335,2025-03-03T00:06:00,6,022,1227,3801,San Francisco,38,True,True,G,VEHICLE/PEDESTRAIN,,Monday,Yes,False,,,False,True,True,SAN FRANCISCO SUPERIOR COURT HALL OF JUSTICE,B,PEDESTRIAN,,0,1,CLEAR,,NO UNUSUAL CONDITIONS,,Fatal,D,DARK-NO STREET LIGHTS,37.720175,-122.448376,,,,,E,IN ROAD - INCLUDES SHOULDER,2025-03-03T00:06:00,A,VC 21954(A),False,1,I-280 S/B,,,2025-06-18T07:21:20,A,S,420,GENEVA AVE OVERCROSSING,F,,D,2025-06-18T07:21:23,2025-06-18T07:21:23,False,True,4,,2025-03-03T00:08:00,0008,True,250303GG0012,,True
159555,4729375,250282026,1,False,3801,2025-05-20T11:15:00,1115,1115,1227,3801,San Francisco,38,True,True,G,VEHICLE/PEDESTRAIN,,Tuesday,,,,,False,False,False,,B,PEDESTRIAN,,1,0,CLEAR,,NO UNUSUAL CONDITIONS,,,A,DAYLIGHT,,,,,,,B,CROSSING IN CROSS WALK AT INTERSECTION,,A,21950A,,1,CHURCH ST,MISSI,,,A,,,17TH ST,,,A,2025-06-17T14:30:29,2025-06-17T14:30:29,,,2,,,,,,,
159814,4729103,250287452,1,False,3801,2025-05-22T21:04:00,2104,3E14D,1227,3801,San Francisco,38,True,True,G,VEHICLE/PEDESTRAIN,,Thursday,,,,,False,False,False,,B,PEDESTRIAN,,1,0,CLEAR,,NO UNUSUAL CONDITIONS,,,C,DARK-STREET LIGHTS,,,,,,,B,CROSSING IN CROSS WALK AT INTERSECTION,,A,21453D,,1,DIVISADERO ST,NORTH,,,A,,,GEARY ST,,,A,2025-06-17T12:00:29,2025-06-17T12:00:29,,,2,,,,,,,
169993,4766760,250337336,1,False,3801,2025-06-17T16:25:00,1625,3D2D,1227,3801,San Francisco,38,True,True,G,VEHICLE/PEDESTRAIN,,Tuesday,,,,,False,False,True,,B,PEDESTRIAN,,1,0,CLEAR,,NO UNUSUAL CONDITIONS,,,A,DAYLIGHT,,,,,,,B,CROSSING IN CROSS WALK AT INTERSECTION,,A,22450A,,1,CLIPPER ST,MISSI,,,A,,,PORTOLA DR,,,D,2025-07-17T11:50:43,2025-07-17T11:50:43,,,2,,,,,,,
170016,4766736,250328551,1,False,3801,2025-06-12T16:45:00,1645,3A14D,1227,3801,San Francisco,38,True,True,G,VEHICLE/PEDESTRAIN,,Thursday,,,F,,False,False,False,,B,PEDESTRIAN,,1,0,CLEAR,,NO UNUSUAL CONDITIONS,,,A,DAYLIGHT,,,,,,,B,CROSSING IN CROSS WALK AT INTERSECTION,,A,21950,,1,GRANT AV,CENTR,,,A,,,SACRAMENTO ST,,,A,2025-07-17T11:30:43,2025-07-17T11:30:43,,,2,,,,,,,
170200,4766477,250323454,2,False,3801,2025-06-10T12:32:00,1232,3B5C,1227,3801,San Francisco,38,True,True,D,BROADSIDE,,Tuesday,,,,,False,False,False,,B,PEDESTRIAN,,1,0,CLEAR,,NO UNUSUAL CONDITIONS - NO UNUSUAL CONDITIONS,,,A,DAYLIGHT,,,,,,,B,CROSSING IN CROSS WALK AT INTERSECTION,,A,21950A,,1,DE HARO ST,SOUTH,,,A,,,16TH ST,,,A,2025-07-17T10:05:42,2025-07-24T07:15:01,,,2,,,,,,,
170220,4766457,250314209,1,False,3801,2025-06-05T12:25:00,1225,3115A,1227,3801,San Francisco,38,True,True,G,VEHICLE/PEDESTRAIN,,Thursday,,,,,False,False,False,,B,PEDESTRIAN,,1,0,CLEAR,,NO UNUSUAL CONDITIONS,,,A,DAYLIGHT,,,,,,,E,IN ROAD - INCLUDES SHOULDER,,A,21954A,,1,19TH AV,TARAV,,,A,N,85,EUCALYPTUS DR,F,,D,2025-07-17T09:55:42,2025-07-17T09:55:42,,,2,,,,,,,
170258,4766418,250309181,2,False,3801,2025-06-02T22:41:00,2241,3E14E,1227,3801,San Francisco,38,True,True,D,BROADSIDE,,Monday,,,,,False,False,False,,C,OTHER MOTOR VEHICLE,,1,0,CLEAR,,NO UNUSUAL CONDITIONS - NO UNUSUAL CONDITIONS,,,C,DARK-STREET LIGHTS,,,,,,,E,IN ROAD - INCLUDES SHOULDER,,A,21453A,,1,POLK ST,NORTH,,,C,,,POST ST,,,A,2025-07-17T09:35:41,2025-07-30T08:00:21,,,2,,,,,,,
170283,4766392,250338481,1,False,3801,2025-06-18T09:24:00,924,3J60,1227,3801,San Francisco,38,True,True,H,OTHER,,Wednesday,,,,,False,False,False,,,,,1,0,CLEAR,,NO UNUSUAL CONDITIONS,,,A,DAYLIGHT,,,,,,,D,CROSSING - NOT IN CROSSWALK,,A,21954A,,1,MARKET ST,TENDE,,,A,W,5,5TH ST,F,,A,2025-07-17T09:35:40,2025-07-17T09:35:40,,,2,,,,,,,
170300,4766374,250324957,2,False,3801,2025-06-11T08:05:00,805,3B13A,1227,3801,San Francisco,38,True,True,G,VEHICLE/PEDESTRAIN,,Wednesday,,,F,,False,False,False,,B,PEDESTRIAN,,1,0,CLEAR,,NO UNUSUAL CONDITIONS - NO UNUSUAL CONDITIONS,,,A,DAYLIGHT,,,,,,,B,CROSSING IN CROSS WALK AT INTERSECTION,,A,21453C,,1,5TH ST,SOUTH,,,A,N,25,BRYANT ST,F,,A,2025-07-17T09:35:39,2025-07-23T13:59:50,,,2,,,,,,,
170315,4766359,250348474,1,False,3801,2025-06-23T17:27:00,1727,3B90,1227,3801,San Francisco,38,True,True,G,VEHICLE/PEDESTRAIN,,Monday,,,,,False,False,False,,,,,2,0,CLEAR,,NO UNUSUAL CONDITIONS,,,A,DAYLIGHT,,,,,,,D,CROSSING - NOT IN CROSSWALK,,A,21966,,1,TOWNSEND,SOUTH,,,A,,,4TH ST,,,D,2025-07-17T09:35:38,2025-07-17T09:35:38,,,2,,,,,,,
170363,4766306,250264836,1,False,3801,2025-05-11T21:07:00,2107,J5,1227,3801,San Francisco,38,True,True,D,BROADSIDE,,Sunday,,,,,False,False,False,,B,PEDESTRIAN,,1,0,CLEAR,,NO UNUSUAL CONDITIONS,,,C,DARK-STREET LIGHTS,,,,,,,E,IN ROAD - INCLUDES SHOULDER,,A,21954A,,1,TAYLOR ST,TENDE,,,A,,,OFARRELL ST,,,A,2025-07-17T09:35:35,2025-07-17T09:35:35,,,2,,,,,,,
172763,4762257,250315780,1,False,3801,2025-06-06T05:25:00,525,3E6A,1227,3801,San Francisco,38,True,True,G,VEHICLE/PEDESTRAIN,,Friday,,,,,False,False,False,,B,PEDESTRIAN,,1,0,CLEAR,,NO UNUSUAL CONDITIONS,,,B,DUSK-DAWN,,,,,,,B,CROSSING IN CROSS WALK AT INTERSECTION,,A,21950,,1,HAYES ST,NORTH,,,A,,,LAGUNA ST,,,A,2025-07-15T11:44:37,2025-07-15T11:44:37,,,2,,,,,,,
172835,4762185,250348333,1,False,3801,2025-06-23T16:39:00,1639,4CAR,1227,3801,San Francisco,38,True,True,G,VEHICLE/PEDESTRAIN,,Monday,,,,,False,False,False,,B,PEDESTRIAN,,1,0,CLEAR,,NO UNUSUAL CONDITIONS,,,A,DAYLIGHT,,,,,,,D,CROSSING - NOT IN CROSSWALK,,A,21954A,,1,ASHBURY ST,PARK,,,A,S,420,FREDERICK ST,F,,A,2025-07-15T11:09:36,2025-07-15T11:09:36,,,2,,,,,,,
174175,4760479,250316512,1,False,3801,2025-04-30T21:17:00,2117,3CAR,1227,3801,San Francisco,38,True,True,G,VEHICLE/PEDESTRAIN,,Wednesday,,,,,False,False,False,,B,PEDESTRIAN,,1,0,CLEAR,,NO UNUSUAL CONDITIONS,,,C,DARK-STREET LIGHTS,,,,,,,B,CROSSING IN CROSS WALK AT INTERSECTION,,A,21950A,,1,FRANKLIN ST,NORTH,,,A,,,OFARRELL ST,,,A,2025-07-14T11:03:31,2025-07-14T11:03:31,,,3,,,,,,,
174190,4760464,250240911,1,False,3801,2025-04-23T13:47:00,1347,3A60,1227,3801,San Francisco,38,True,True,D,BROADSIDE,,Wednesday,,,,,False,False,False,,B,PEDESTRIAN,,1,0,CLEAR,,NO UNUSUAL CONDITIONS,,,A,DAYLIGHT,,,,,,,B,CROSSING IN CROSS WALK AT INTERSECTION,,A,21950,,1,SUTTER ST,CENTR,,,A,,,JONES ST,,,A,2025-07-14T10:58:31,2025-07-14T10:58:31,,,2,,,,,,,
174697,4759949,250301557,1,False,3801,2025-05-29T22:23:00,2223,3,1227,3801,San Francisco,38,True,True,D,BROADSIDE,,Thursday,,,F,,False,False,False,,C,OTHER MOTOR VEHICLE,,1,0,CLEAR,,NO UNUSUAL CONDITIONS,,,C,DARK-STREET LIGHTS,,,,,,,B,CROSSING IN CROSS WALK AT INTERSECTION,,A,21453,,1,POLK ST,NORTH,,,A,,,POST ST,,,A,2025-07-14T07:03:29,2025-07-14T07:03:29,,,2,,,,,,,
175517,4758644,250281103,1,False,3801,2025-05-19T19:28:00,1928,3F13D,1227,3801,San Francisco,38,True,True,G,VEHICLE/PEDESTRAIN,,Monday,,,,,False,False,False,,B,PEDESTRIAN,,1,0,CLEAR,,HOLES- DEEPRUT*,,,B,DUSK-DAWN,,,,,,,B,CROSSING IN CROSS WALK AT INTERSECTION,,A,21950,,1,TURK BL,PARK,,,A,,,PARKER AV,,,A,2025-07-11T13:48:22,2025-07-11T13:48:22,,,2,,,,,,,
175769,4758321,250299667,1,False,3801,2025-05-29T08:50:00,850,6CAR,1227,3801,San Francisco,38,True,True,G,VEHICLE/PEDESTRAIN,,Thursday,,,,,False,False,False,,B,PEDESTRIAN,,1,0,CLEAR,,NO UNUSUAL CONDITIONS,,,A,DAYLIGHT,,,,,,,B,CROSSING IN CROSS WALK AT INTERSECTION,,A,21950A,,1,VISITACION AV,INGLE,,,A,,,DESMOND ST,,,A,2025-07-11T10:58:21,2025-07-11T10:58:21,,,2,,,,,,,
176004,4758034,250290427,1,False,3801,2025-05-24T09:15:00,915,3A12A,1227,3801,San Francisco,38,True,True,C,REAR END,,Saturday,,,F,,False,False,False,,B,PEDESTRIAN,,1,0,CLEAR,,NO UNUSUAL CONDITIONS,,,A,DAYLIGHT,,,,,,,B,CROSSING IN CROSS WALK AT INTERSECTION,,A,22106,,1,SANSOME ST,CENTR,,,A,N,3,CALIFORNIA ST,F,,A,2025-07-11T08:33:21,2025-07-11T08:33:21,,,2,,,,,,,
176028,4758008,250287189,1,False,3801,2025-05-22T18:50:00,1850,3C11D,1227,3801,San Francisco,38,True,True,G,VEHICLE/PEDESTRAIN,,Thursday,,,,,False,False,False,,B,PEDESTRIAN,,1,0,CLEAR,,NO UNUSUAL CONDITIONS,,,A,DAYLIGHT,,,,,,,D,CROSSING - NOT IN CROSSWALK,,A,21950,,1,PENNSYLVANIA AV,BAYVI,,,A,W,23,25TH ST,F,,A,2025-07-11T08:23:21,2025-07-11T08:23:21,,,2,,,,,,,