_id,Collision Id,Report Number,Report Version,Is Preliminary,NCIC Code,Crash Date Time,Crash Time Description,Beat,City Id,City Code,City Name,County Code,City Is Active,City Is Incorporated,Collision Type Code,Collision Type Description,Collision Type Other Desc,Day Of Week,DispatchNotified,HasPhotographs,HitRun,IsAttachmentsMailed,IsDeleted,IsHighwayRelated,IsTowAway,JudicialDistrict,MotorVehicleInvolvedWithCode,MotorVehicleInvolvedWithDesc,MotorVehicleInvolvedWithOtherDesc,NumberInjured,NumberKilled,Weather 1,Weather 2,Road Condition 1,Road Condition 2,Special Condition,LightingCode,LightingDescription,Latitude,Longitude,MilepostDirection,MilepostDistance,MilepostMarker,MilepostUnitOfMeasure,PedestrianActionCode,PedestrianActionDesc,PreparedDate,Primary Collision Factor Code,Primary Collision Factor Violation,PrimaryCollisionFactorIsCited,PrimaryCollisionPartyNumber,PrimaryRoad,ReportingDistrict,ReportingDistrictCode,ReviewedDate,RoadwaySurfaceCode,SecondaryDirection,SecondaryDistance,SecondaryRoad,SecondaryUnitOfMeasure,SketchDesc,TrafficControlDeviceCode,CreatedDate,ModifiedDate,IsCountyRoad,IsFreeway,CHP555Version,IsAdditonalObjectStruck,NotificationDate,NotificationTimeDescription,HasDigitalMediaFiles,EvidenceNumber,IsLocationReferToNarrative,IsAOIOneSameAsLocation
313295,4939540,250589509,1,False,3801,2025-10-19T19:29:00,1929,3A12E,1227,3801,San Francisco,38,True,True,G,VEHICLE/PEDESTRAIN,,Sunday,,,,,False,False,False,,B,PEDESTRIAN,,1,0,CLEAR,,NO UNUSUAL CONDITIONS,,,A,DAYLIGHT,,,,,,,D,CROSSING - NOT IN CROSSWALK,,A,21950A,,1,CLAY ST,CENTR,,,A,E,10,MONTGOMERY ST,F,,A,2025-11-20T10:05:11,2025-11-20T10:05:11,,,2,,,,,,,
313348,4939487,250587202,1,False,3801,2025-10-18T14:47:00,1447,3A44C,1227,3801,San Francisco,38,True,True,A,HEAD-ON,,Saturday,,,,,False,False,False,,B,PEDESTRIAN,,1,0,CLEAR,,OTHER*,,,A,DAYLIGHT,,,,,,,D,CROSSING - NOT IN CROSSWALK,,A,21955A,,1,PINE ST,CENTR,,,A,,,DAVIS ST,,,A,2025-11-20T09:50:11,2025-11-20T09:50:11,,,2,,,,,,,
313418,4939414,250588937,1,False,3801,2025-10-19T13:14:00,1314,316A,1227,3801,San Francisco,38,True,True,G,VEHICLE/PEDESTRAIN,,Sunday,,,,,False,False,False,,B,PEDESTRIAN,,1,0,CLEAR,,NO UNUSUAL CONDITIONS,,,A,DAYLIGHT,,,,,,,B,CROSSING IN CROSS WALK AT INTERSECTION,,A,21950A,,1,OCEAN AV,TARAV,,,A,,,GRANADA AV,,,A,2025-11-20T09:15:10,2025-11-20T09:15:10,,,2,,,,,,,
313498,4939331,250555378,1,False,3801,2025-10-02T16:43:00,1643,3E13D,1227,3801,San Francisco,38,True,True,G,VEHICLE/PEDESTRAIN,,Thursday,,,,,False,False,True,,B,PEDESTRIAN,,1,0,CLEAR,,NO UNUSUAL CONDITIONS,,,A,DAYLIGHT,,,,,,,E,IN ROAD - INCLUDES SHOULDER,,A,22350,,1,MCALLISTER ST,NORTH,,,A,,,MCALLISTER ST 450,,,D,2025-11-20T08:45:10,2025-11-20T08:45:10,,,2,,,,,,,
313555,4939274,250562599,1,False,3801,2025-10-06T10:28:00,1028,3B13A,1227,3801,San Francisco,38,True,True,G,VEHICLE/PEDESTRAIN,,Monday,,,,,False,False,False,,B,PEDESTRIAN,,1,0,CLEAR,,NO UNUSUAL CONDITIONS,,,A,DAYLIGHT,,,,,,,B,CROSSING IN CROSS WALK AT INTERSECTION,,A,21950,,1,6TH ST,SOUTH,,,A,,,BRYANT ST,,,A,2025-11-20T08:20:10,2025-11-20T08:20:10,,,2,,,,,,,
313756,4939069,250597455,1,False,3801,2025-10-23T16:38:00,1638,3A,1227,3801,San Francisco,38,True,True,G,VEHICLE/PEDESTRAIN,,Thursday,,,F,,False,False,False,,B,PEDESTRIAN,,1,0,CLEAR,,,,,A,DAYLIGHT,,,,,,,B,CROSSING IN CROSS WALK AT INTERSECTION,,A,21950A,,1,FREMONT ST,CENTR,,,A,,,MARKET ST,,,,2025-11-20T06:25:09,2025-11-20T06:25:09,,,2,,,,,,,
313770,4939055,250599871,1,False,3801,2025-10-24T21:40:00,2140,3H16E,1227,3801,San Francisco,38,True,True,G,VEHICLE/PEDESTRAIN,,Friday,,,F,,False,False,False,,B,PEDESTRIAN,,1,0,CLEAR,,NO UNUSUAL CONDITIONS,,,C,DARK-STREET LIGHTS,,,,,,,B,CROSSING IN CROSS WALK AT INTERSECTION,,A,22450A,,1,VELASCO AV,INGLE,,,A,,,CALGARY ST,,,D,2025-11-20T06:15:10,2025-11-20T06:15:10,,,2,,,,,,,
314527,4938003,250576261,1,False,3801,2025-10-09T14:00:00,1400,3G12A,1227,3801,San Francisco,38,True,True,G,VEHICLE/PEDESTRAIN,,Thursday,,,F,,False,False,False,,B,PEDESTRIAN,,1,0,CLEAR,,NO UNUSUAL CONDITIONS,,,A,DAYLIGHT,,,,,,,B,CROSSING IN CROSS WALK AT INTERSECTION,,A,21950A,,1,SUTTER ST,RICHM,,,A,,,BRODERICK ST,,,D,2025-11-19T12:40:05,2025-11-19T12:40:05,,,2,,,,,,,
314591,4937939,250567420,1,False,3801,2025-10-08T13:20:00,1320,3B14,1227,3801,San Francisco,38,True,True,G,VEHICLE/PEDESTRAIN,,Wednesday,,,F,,False,False,False,,B,PEDESTRIAN,,1,0,CLEAR,,NO UNUSUAL CONDITIONS,,,A,DAYLIGHT,,,,,,,D,CROSSING - NOT IN CROSSWALK,,A,21955,,1,MISSION ST,SOUTH,,,A,,,10TH ST,,,A,2025-11-19T12:05:05,2025-11-19T12:05:05,,,2,,,,,,,
314851,4937671,250563064,1,False,3801,2025-10-06T13:50:00,1350,3J11A,1227,3801,San Francisco,38,True,True,G,VEHICLE/PEDESTRAIN,,Monday,,,F,,False,False,False,,B,PEDESTRIAN,,1,0,CLEAR,,NO UNUSUAL CONDITIONS,,,A,DAYLIGHT,,,,,,,B,CROSSING IN CROSS WALK AT INTERSECTION,,A,21950A,,1,ELLIS ST,TENDE,,,A,,,HYDE ST,,,A,2025-11-19T10:00:04,2025-11-19T10:00:04,,,2,,,,,,,
314878,4937643,250576142,1,False,3801,2025-10-13T08:35:00,835,3D16D,1227,3801,San Francisco,38,True,True,G,VEHICLE/PEDESTRAIN,,Monday,,,,,False,False,False,,B,PEDESTRIAN,,1,0,CLEAR,,NO UNUSUAL CONDITIONS,,,A,DAYLIGHT,,,,,,,B,CROSSING IN CROSS WALK AT INTERSECTION,,A,21453A,,1,13TH ST,MISSI,,,A,,,S VAN NESS AV,,,A,2025-11-19T09:50:04,2025-11-19T09:50:04,,,2,,,,,,,
314898,4937623,250574908,1,False,3801,2025-10-11T22:40:00,2240,,1227,3801,San Francisco,38,True,True,A,HEAD-ON,,Saturday,,,F,,False,False,False,,B,PEDESTRIAN,,1,0,CLEAR,,NO UNUSUAL CONDITIONS,,,C,DARK-STREET LIGHTS,,,,,,,B,CROSSING IN CROSS WALK AT INTERSECTION,,A,22350,,1,FOLSOM ST,MISSI,,,A,,,15TH ST,,,A,2025-11-19T09:45:04,2025-11-19T09:45:04,,,2,,,,,,,
315139,4937376,250572441,1,False,3801,2025-10-10T20:11:00,2011,3C11D,1227,3801,San Francisco,38,True,True,G,VEHICLE/PEDESTRAIN,,Friday,,,,,False,False,False,,B,PEDESTRIAN,,1,0,CLEAR,,NO UNUSUAL CONDITIONS,,,C,DARK-STREET LIGHTS,,,,,,,D,CROSSING - NOT IN CROSSWALK,,A,21954A,,1,BAYSHORE BL,BAYVI,,,A,S,88,SILVER AV,F,,A,2025-11-19T08:15:03,2025-11-19T08:15:03,,,2,,,,,,,
315150,4937365,250572924,1,False,3801,2025-10-11T07:10:00,710,3H16A,1227,3801,San Francisco,38,True,True,G,VEHICLE/PEDESTRAIN,,Saturday,,,,,False,False,False,,B,PEDESTRIAN,,1,0,CLEAR,,NO UNUSUAL CONDITIONS,,,A,DAYLIGHT,,,,,,,B,CROSSING IN CROSS WALK AT INTERSECTION,,A,21950,,1,GENEVA AV,INGLE,,,A,,,CARTER ST,,,A,2025-11-19T08:10:03,2025-11-19T08:10:03,,,2,,,,,,,
315160,4937355,250573007,1,False,3801,2025-10-11T08:30:00,830,3H16A,1227,3801,San Francisco,38,True,True,G,VEHICLE/PEDESTRAIN,,Saturday,,,,,False,False,False,,B,PEDESTRIAN,,1,0,CLEAR,,NO UNUSUAL CONDITIONS,,,A,DAYLIGHT,,,,,,,E,IN ROAD - INCLUDES SHOULDER,,A,21954A,,1,SUNNYDALE AV,INGLE,,,A,E,45,RUTLAND ST,F,,A,2025-11-19T08:05:03,2025-11-19T08:05:03,,,2,,,,,,,
316541,4935706,250557443,1,False,3801,2025-10-03T16:02:00,1602,3J41C,1227,3801,San Francisco,38,True,True,G,VEHICLE/PEDESTRAIN,,Friday,,,,,False,False,False,,B,PEDESTRIAN,,1,0,CLEAR,,NO UNUSUAL CONDITIONS,,,A,DAYLIGHT,,,,,,,C,CROSSING IN CROSS WALK - NOT AT INTERSECTION,,A,21453D,,1,TURK ST,TENDE,,,A,,,LEAVENWORTH ST,,,A,2025-11-18T09:59:59,2025-11-18T09:59:59,,,2,,,,,,,
320557,4956171,250601482,1,False,3801,2025-10-25T21:24:00,2124,3,1227,3801,San Francisco,38,True,True,G,VEHICLE/PEDESTRAIN,,Saturday,,,,,False,False,False,,B,PEDESTRIAN,,1,0,CLOUDY,,NO UNUSUAL CONDITIONS,,,D,DARK-NO STREET LIGHTS,37.775485,-122.444581,,,,,D,CROSSING - NOT IN CROSSWALK,,A,21950B,,1,CENTRAL AV,PARK,,,A,N,125,GROVE ST,F,,D,2025-12-03T10:40:56,2025-12-03T10:40:56,,,2,,,,,,,
322258,4954185,250607010,1,False,3801,2025-10-28T19:00:00,1900,3G15D,1227,3801,San Francisco,38,True,True,G,VEHICLE/PEDESTRAIN,,Tuesday,,,,,False,False,False,,B,PEDESTRIAN,,1,0,CLEAR,,NO UNUSUAL CONDITIONS,,,C,DARK-STREET LIGHTS,,,,,,,D,CROSSING - NOT IN CROSSWALK,,A,21955,,1,BALBOA ST,RICHM,,,A,W,54,41ST AV,F,,D,2025-12-02T09:00:51,2025-12-02T09:00:51,,,2,,,,,,,
322292,4954151,250566808,1,False,3801,2025-10-08T08:49:00,849,B1,1227,3801,San Francisco,38,True,True,G,VEHICLE/PEDESTRAIN,,Wednesday,,,,,False,False,False,,B,PEDESTRIAN,,1,0,CLEAR,,,,,A,DAYLIGHT,,,,,,,B,CROSSING IN CROSS WALK AT INTERSECTION,,A,21950A,,1,BRANNAN ST,SOUTH,,,A,,,DELANCEY ST,,,A,2025-12-02T08:50:51,2025-12-02T08:50:51,,,2,,,,,,,
323462,4952788,250554308,1,False,3801,2025-10-02T08:37:00,837,3F14A,1227,3801,San Francisco,38,True,True,G,VEHICLE/PEDESTRAIN,,Thursday,,,,,False,False,False,,B,PEDESTRIAN,,3,0,RAINING,,NO UNUSUAL CONDITIONS,,,A,DAYLIGHT,,,,,,,B,CROSSING IN CROSS WALK AT INTERSECTION,,A,21650C,,1,HAIGHTS ST,PARK,,,B,,,ASHBURY ST,,,A,2025-12-01T12:20:47,2025-12-01T12:20:47,,,2,,,,,,,
329137,4945638,250585513,1,False,3801,2025-10-17T16:16:00,1616,5,1227,3801,San Francisco,38,True,True,A,HEAD-ON,,Friday,,,,,False,False,False,,B,PEDESTRIAN,,1,0,CLEAR,,NO UNUSUAL CONDITIONS,,,A,DAYLIGHT,,,,,,,B,CROSSING IN CROSS WALK AT INTERSECTION,,A,21950A,,1,WHITTIER ST,INGLE,,,A,,,MISSION ST,,,A,2025-11-24T13:25:24,2025-11-24T13:25:24,,,2,,,,,,,
329700,4945061,250557829,1,False,3801,2025-10-03T18:11:00,1811,3G4D,1227,3801,San Francisco,38,True,True,G,VEHICLE/PEDESTRAIN,,Friday,,,,,False,False,False,,B,PEDESTRIAN,,1,0,CLEAR,,NO UNUSUAL CONDITIONS,,,B,DUSK-DAWN,,,,,,,B,CROSSING IN CROSS WALK AT INTERSECTION,,A,21950,,1,BALBOA ST,RICHM,,,A,W,5,30TH AV,F,,D,2025-11-24T09:50:22,2025-11-24T09:50:22,,,2,,,,,,,
330214,4968258,250658176,1,False,3801,2025-11-22T10:40:00,1040,3F4A,1227,3801,San Francisco,38,True,True,G,VEHICLE/PEDESTRAIN,,Saturday,,,,,False,False,False,,B,PEDESTRIAN,,1,0,CLEAR,,NO UNUSUAL CONDITIONS,,,A,DAYLIGHT,37.460330,-122.255190,,,,,B,CROSSING IN CROSS WALK AT INTERSECTION,,A,21950A,,1,14TH ST,PARK,,,A,,,SANCHEZ ST,,,D,2025-12-11T12:37:34,2025-12-11T12:37:34,,,2,,,,,,,
330321,4968151,250659823,1,False,3801,2025-11-22T23:30:00,2330,2,1227,3801,San Francisco,38,True,True,H,OTHER,,Saturday,,,F,,False,False,False,,B,PEDESTRIAN,,1,0,OTHER,,OTHER*,,,C,DARK-STREET LIGHTS,,,,,,,B,CROSSING IN CROSS WALK AT INTERSECTION,,A,22350,,1,ALEMANY BL,BAYVI,,,,W,16,BAYSHORE BL,F,,,2025-12-11T11:37:34,2025-12-11T11:37:34,,,2,,,,,,,
330511,4967958,250641422,1,False,3801,2025-11-13T11:25:00,1125,5,1227,3801,San Francisco,38,True,True,G,VEHICLE/PEDESTRAIN,,Thursday,,,,,False,False,False,,B,PEDESTRIAN,,1,0,RAINING,,NO UNUSUAL CONDITIONS,,,A,DAYLIGHT,,,,,,,B,CROSSING IN CROSS WALK AT INTERSECTION,,A,21950A,,1,LOMBARD ST,NORTH,,,B,,,STEINER ST,,,A,2025-12-11T10:02:33,2025-12-11T10:02:33,,,2,,,,,,,
330708,4967758,250648923,1,False,3801,2025-11-18T08:53:00,853,3B12A,1227,3801,San Francisco,38,True,True,G,VEHICLE/PEDESTRAIN,,Tuesday,,,,,False,False,False,,B,PEDESTRIAN,,1,0,CLEAR,,NO UNUSUAL CONDITIONS,,,A,DAYLIGHT,,,,,,,B,CROSSING IN CROSS WALK AT INTERSECTION,,A,21453A,,1,4TH ST,SOUTH,,,A,,,CLARA ST,,,A,2025-12-11T08:32:33,2025-12-11T08:32:33,,,2,,,,,,,
330734,4967732,250649658,1,False,3801,2025-11-18T14:12:00,1412,3D11A,1227,3801,San Francisco,38,True,True,A,HEAD-ON,,Tuesday,,,,,False,False,False,,B,PEDESTRIAN,,1,0,CLEAR,,NO UNUSUAL CONDITIONS,,,A,DAYLIGHT,,,,,,,B,CROSSING IN CROSS WALK AT INTERSECTION,,A,21950C,,1,GUERRERO ST,MISSI,,,A,,,18TH ST,,,A,2025-12-11T08:22:33,2025-12-11T08:22:33,,,2,,,,,,,
330830,4967632,250646999,1,False,3801,2025-11-17T00:19:00,19,2B,1227,3801,San Francisco,38,True,True,G,VEHICLE/PEDESTRAIN,,Monday,,,,,False,False,False,,B,PEDESTRIAN,,1,0,RAINING,,NO UNUSUAL CONDITIONS,,,C,DARK-STREET LIGHTS,,,,,,,D,CROSSING - NOT IN CROSSWALK,,D,,,,BRYANT ST,SOUTH,,,B,,,7TH ST,,,A,2025-12-11T07:37:32,2025-12-11T07:37:32,,,2,,,,,,,
331477,4966755,250643434,1,False,3801,2025-11-14T19:22:00,1922,3E14D,1227,3801,San Francisco,38,True,True,G,VEHICLE/PEDESTRAIN,,Friday,,,F,,False,False,False,,B,PEDESTRIAN,,1,0,CLEAR,,NO UNUSUAL CONDITIONS,,,C,DARK-STREET LIGHTS,,,,,,,B,CROSSING IN CROSS WALK AT INTERSECTION,,A,21950A,,1,FRANKLIN ST,NORTH,,,A,,,BAY ST,,,A,2025-12-10T16:17:30,2025-12-10T16:17:30,,,2,,,,,,,
331486,4966746,250647113,1,False,3801,2025-11-17T06:44:00,644,3E15A,1227,3801,San Francisco,38,True,True,G,VEHICLE/PEDESTRAIN,,Monday,,,F,,False,False,False,,B,PEDESTRIAN,,1,0,RAINING,,NO UNUSUAL CONDITIONS,,,B,DUSK-DAWN,,,,,,,F,NOT IN ROAD,,A,21804A,,1,N POINT ST,,,,B,,,BUCHANAN ST,,,D,2025-12-10T16:12:30,2025-12-10T16:12:30,,,2,,,,,,,
331511,4966721,250651932,1,False,3801,2025-11-19T10:28:00,1028,3F1C,1227,3801,San Francisco,38,True,True,,,,Wednesday,,,F,,False,False,False,,B,PEDESTRIAN,,1,0,CLEAR,,NO UNUSUAL CONDITIONS,,,A,DAYLIGHT,,,,,,,B,CROSSING IN CROSS WALK AT INTERSECTION,,A,22450A,,1,PAGE ST,PARK,,,A,,,BAKER ST,,,A,2025-12-10T15:52:30,2025-12-10T15:52:30,,,2,,,,,,,
331678,4966551,250641933,1,False,3801,2025-11-14T09:41:00,941,3C12A,1227,3801,San Francisco,38,True,True,D,BROADSIDE,,Friday,,,,,False,False,False,,G,BICYCLE,,1,0,CLEAR,,NO UNUSUAL CONDITIONS,,,A,DAYLIGHT,,,,,,,,,,A,21663,,1,BAY SHORE BL,BAYVI,,,A,N,82,HELENA ST,F,,A,2025-12-10T14:17:30,2025-12-10T14:17:30,,,2,,,,,,,
331679,4966550,250656625,1,False,3801,2025-11-21T16:05:00,1605,3H12D,1227,3801,San Francisco,38,True,True,G,VEHICLE/PEDESTRAIN,,Friday,,,,,False,False,False,,B,PEDESTRIAN,,1,0,CLEAR,,NO UNUSUAL CONDITIONS,,,A,DAYLIGHT,,,,,,,B,CROSSING IN CROSS WALK AT INTERSECTION,,A,21950A,,1,OCEAN AV,INGLE,,,A,,,MISSION ST,,,A,2025-12-10T14:17:30,2025-12-10T14:17:30,,,2,,,,,,,
331867,4966360,250657849,1,False,3801,2025-11-22T07:21:00,721,3C15A,1227,3801,San Francisco,38,True,True,G,VEHICLE/PEDESTRAIN,,Saturday,,,,,False,False,False,,B,PEDESTRIAN,,1,0,CLEAR,,NO UNUSUAL CONDITIONS,,,A,DAYLIGHT,,,,,,,D,CROSSING - NOT IN CROSSWALK,,A,21954A,,1,JAMESTOWN AV,BAYVI,,,A,E,17,HAWES ST,F,,D,2025-12-10T13:12:29,2025-12-10T13:12:29,,,2,,,,,,,
332029,4966197,250616196,1,False,3801,2025-11-02T00:30:00,30,3J12E,1227,3801,San Francisco,38,True,True,C,REAR END,,Sunday,,,F,,False,False,False,,B,PEDESTRIAN,,1,0,CLEAR,,NO UNUSUAL CONDITIONS,,,C,DARK-STREET LIGHTS,,,,,,,E,IN ROAD - INCLUDES SHOULDER,,A,22106,,1,OLIVE ST,TENDE,,,A,,,OLIVE ST 70,,,D,2025-12-10T11:52:29,2025-12-10T11:52:29,,,2,,,,,,,
332059,4966167,250645264,1,False,3801,2025-11-15T20:50:00,2050,3A14D,1227,3801,San Francisco,38,True,True,A,HEAD-ON,,Saturday,,,,,False,False,False,,B,PEDESTRIAN,,1,0,RAINING,,NO UNUSUAL CONDITIONS,,,C,DARK-STREET LIGHTS,,,,,,,B,CROSSING IN CROSS WALK AT INTERSECTION,,A,21456,,1,THE EMBARCADERO,CENTR,,,B,N,40,BAY ST,F,,A,2025-12-10T11:37:29,2025-12-10T11:37:29,,,2,,,,,,,
332135,4966091,250628765,1,False,3801,2025-11-07T16:49:00,1649,3C11D,1227,3801,San Francisco,38,True,True,G,VEHICLE/PEDESTRAIN,,Friday,,,,,False,False,False,,B,PEDESTRIAN,,1,0,CLEAR,,NO UNUSUAL CONDITIONS,,,A,DAYLIGHT,,,,,,,B,CROSSING IN CROSS WALK AT INTERSECTION,,A,21453A,,1,ILLINOIS ST,BAYVI,,,A,N,10,20TH ST,F,,A,2025-12-10T10:57:29,2025-12-10T10:57:29,,,2,,,,,,,
332180,4966046,250552584,1,False,3801,2025-10-01T12:25:00,1225,A2,1227,3801,San Francisco,38,True,True,G,VEHICLE/PEDESTRAIN,,Wednesday,,,M,,False,False,False,,B,PEDESTRIAN,,1,0,CLOUDY,,NO UNUSUAL CONDITIONS,,,A,DAYLIGHT,,,,,,,B,CROSSING IN CROSS WALK AT INTERSECTION,,A,21950A,,1,GRANT AV,CENTR,,,A,,,POST ST,,,A,2025-12-10T10:42:29,2025-12-10T10:42:29,,,2,,,,,,,
332203,4966023,250663200,1,False,3801,2025-11-25T08:35:00,835,,1227,3801,San Francisco,38,True,True,G,VEHICLE/PEDESTRAIN,,Tuesday,,,,,False,False,False,,B,PEDESTRIAN,,1,0,CLEAR,,NO UNUSUAL CONDITIONS,,,A,DAYLIGHT,,,,,,,F,NOT IN ROAD,,A,22350,,1,HYDE ST,CENTR,,,A,N,83,BUSH ST,F,,D,2025-12-10T10:32:29,2025-12-10T10:32:29,,,2,,,,,,,
332205,4966021,250553560,1,False,3801,2025-10-01T17:00:00,1700,5,1227,3801,San Francisco,38,True,True,G,VEHICLE/PEDESTRAIN,,Wednesday,,,F,,False,False,False,,H,ANIMAL,,1,0,CLOUDY,,NO UNUSUAL CONDITIONS,,,A,DAYLIGHT,,,,,,,B,CROSSING IN CROSS WALK AT INTERSECTION,,A,21950A,,1,JONES ST,TENDE,,,B,,,ELLIS ST,,,A,2025-12-10T10:32:29,2025-12-10T10:32:29,,,2,,,,,,,
332284,4965941,250605490,1,False,3801,2025-10-28T05:58:00,558,4C1,1227,3801,San Francisco,38,True,True,G,VEHICLE/PEDESTRAIN,,Tuesday,,,,,False,False,True,,B,PEDESTRIAN,,1,0,CLEAR,,NO UNUSUAL CONDITIONS,,,C,DARK-STREET LIGHTS,,,,,,,B,CROSSING IN CROSS WALK AT INTERSECTION,,A,21456A,,1,KEARNY ST,TRAFF,,,A,N,10,PACIFIC AV,F,,A,2025-12-10T10:02:29,2025-12-10T10:02:29,,,2,,,,,,,
332380,4965837,250626866,1,False,3801,2025-11-06T18:15:00,1815,3H15D,1227,3801,San Francisco,38,True,True,G,VEHICLE/PEDESTRAIN,,Thursday,,,F,,False,False,True,,B,PEDESTRIAN,,1,0,CLEAR,,NO UNUSUAL CONDITIONS,,,C,DARK-STREET LIGHTS,,,,,,,B,CROSSING IN CROSS WALK AT INTERSECTION,,A,21453A,,1,LOWELL ST,INGLE,,,A,,,MISSION ST,,,A,2025-12-10T09:22:28,2025-12-10T09:22:28,,,2,,,,,,,
332436,4965781,250608751,1,False,3801,2025-10-29T16:06:00,1606,6CAR,1227,3801,San Francisco,38,True,True,G,VEHICLE/PEDESTRAIN,,Wednesday,,,,,False,False,False,,B,PEDESTRIAN,,1,0,CLEAR,,NO UNUSUAL CONDITIONS,,,A,DAYLIGHT,,,,,,,B,CROSSING IN CROSS WALK AT INTERSECTION,,A,21950A,,1,OCEAN AV,TARAV,,,A,,,CERRITOS AV,,,A,2025-12-10T08:57:28,2025-12-10T08:57:28,,,2,,,,,,,
332469,4965748,250585444,1,False,3801,2025-10-17T16:06:00,1606,3B12D,1227,3801,San Francisco,38,True,True,G,VEHICLE/PEDESTRAIN,,Friday,,,,,False,False,False,,B,PEDESTRIAN,,1,0,CLEAR,,NO UNUSUAL CONDITIONS,,,A,DAYLIGHT,,,,,,,B,CROSSING IN CROSS WALK AT INTERSECTION,,A,21950A,,1,6TH ST,SOUTH,,,A,,,HOWARD ST,,,A,2025-12-10T08:47:28,2025-12-10T08:47:28,,,2,,,,,,,
332483,4965734,250618506,1,False,3801,2025-11-03T11:26:00,1126,3B5A,1227,3801,San Francisco,38,True,True,G,VEHICLE/PEDESTRAIN,,Monday,,,,,False,False,False,,B,PEDESTRIAN,,1,0,CLEAR,,NO UNUSUAL CONDITIONS,,,A,DAYLIGHT,,,,,,,B,CROSSING IN CROSS WALK AT INTERSECTION,,A,21950A,,1,4TH ST,SOUTH,,,A,,,MISSION ROCK,,,D,2025-12-10T08:42:28,2025-12-10T08:42:28,,,2,,,,,,,
332564,4965653,250617495,1,False,3801,2025-11-02T18:17:00,1817,3H15D,1227,3801,San Francisco,38,True,True,G,VEHICLE/PEDESTRAIN,,Sunday,,,,,False,False,False,,B,PEDESTRIAN,,1,0,CLEAR,,NO UNUSUAL CONDITIONS,,,C,DARK-STREET LIGHTS,,,,,,,D,CROSSING - NOT IN CROSSWALK,,A,21954A,,1,MISSION ST,INGLE,,,A,S,10,PARK ST,F,,D,2025-12-10T08:02:28,2025-12-10T08:02:28,,,2,,,,,,,
332576,4965641,250612495,1,False,3801,2025-10-31T10:35:00,1035,A5,1227,3801,San Francisco,38,True,True,,,,Friday,,,,,False,False,False,,J,OTHER OBJECT,,1,0,CLEAR,,NO UNUSUAL CONDITIONS,,,A,DAYLIGHT,,,,,,,B,CROSSING IN CROSS WALK AT INTERSECTION,,A,21950A,,1,NEW MONTGOMERY ST,CENTR,,,A,S,19,MARKET ST,F,,A,2025-12-10T07:57:27,2025-12-10T07:57:27,,,2,,,,,,,
332669,4965548,250609862,1,False,3801,2025-10-30T03:39:00,339,3J12E,1227,3801,San Francisco,38,True,True,G,VEHICLE/PEDESTRAIN,,Thursday,,,F,,False,False,False,,B,PEDESTRIAN,,1,0,CLEAR,,NO UNUSUAL CONDITIONS,,,C,DARK-STREET LIGHTS,,,,,,,E,IN ROAD - INCLUDES SHOULDER,,A,21954A,,1,6TH ST,TENDE,,,A,,,JESSE ST,,,A,2025-12-10T07:17:27,2025-12-10T07:17:27,,,2,,,,,,,
333356,4964564,250604088,1,False,3801,2025-10-27T13:09:00,1309,3B13A,1227,3801,San Francisco,38,True,True,G,VEHICLE/PEDESTRAIN,,Monday,,,,,False,False,False,,B,PEDESTRIAN,,1,0,CLEAR,,NO UNUSUAL CONDITIONS,,,A,DAYLIGHT,,,,,,,B,CROSSING IN CROSS WALK AT INTERSECTION,,A,21456B,,1,HARRISON ST,SOUTH,,,A,,,7TH ST,,,A,2025-12-09T15:17:24,2025-12-09T15:17:24,,,2,,,,,,,
333371,4964549,250582365,1,False,3801,2025-10-16T06:35:00,635,3G12A,1227,3801,San Francisco,38,True,True,G,VEHICLE/PEDESTRAIN,,Thursday,,,,,False,False,False,,B,PEDESTRIAN,,1,0,CLEAR,,NO UNUSUAL CONDITIONS,,,C,DARK-STREET LIGHTS,,,,,,,B,CROSSING IN CROSS WALK AT INTERSECTION,,A,21950A,,1,POST ST,RICHM,,,A,,,BAKER ST,,,A,2025-12-09T15:07:24,2025-12-09T15:07:24,,,2,,,,,,,
333539,4964379,250612843,1,False,3801,2025-10-31T13:02:00,1302,3E15A,1227,3801,San Francisco,38,True,True,G,VEHICLE/PEDESTRAIN,,Friday,,,F,,False,False,False,,B,PEDESTRIAN,,1,0,CLEAR,,NO UNUSUAL CONDITIONS,,,A,DAYLIGHT,,,,,,,D,CROSSING - NOT IN CROSSWALK,,A,22350,,1,POLK ST,NORTH,,,A,,,BONITA ST,,,D,2025-12-09T13:42:24,2025-12-09T13:42:24,,,2,,,,,,,