_id,Collision Id,Report Number,Report Version,Is Preliminary,NCIC Code,Crash Date Time,Crash Time Description,Beat,City Id,City Code,City Name,County Code,City Is Active,City Is Incorporated,Collision Type Code,Collision Type Description,Collision Type Other Desc,Day Of Week,DispatchNotified,HasPhotographs,HitRun,IsAttachmentsMailed,IsDeleted,IsHighwayRelated,IsTowAway,JudicialDistrict,MotorVehicleInvolvedWithCode,MotorVehicleInvolvedWithDesc,MotorVehicleInvolvedWithOtherDesc,NumberInjured,NumberKilled,Weather 1,Weather 2,Road Condition 1,Road Condition 2,Special Condition,LightingCode,LightingDescription,Latitude,Longitude,MilepostDirection,MilepostDistance,MilepostMarker,MilepostUnitOfMeasure,PedestrianActionCode,PedestrianActionDesc,PreparedDate,Primary Collision Factor Code,Primary Collision Factor Violation,PrimaryCollisionFactorIsCited,PrimaryCollisionPartyNumber,PrimaryRoad,ReportingDistrict,ReportingDistrictCode,ReviewedDate,RoadwaySurfaceCode,SecondaryDirection,SecondaryDistance,SecondaryRoad,SecondaryUnitOfMeasure,SketchDesc,TrafficControlDeviceCode,CreatedDate,ModifiedDate,IsCountyRoad,IsFreeway,CHP555Version,IsAdditonalObjectStruck,NotificationDate,NotificationTimeDescription,HasDigitalMediaFiles,EvidenceNumber,IsLocationReferToNarrative,IsAOIOneSameAsLocation
375378,5017276,250689949,1,False,3801,2025-12-10T10:57:00,1057,3B11A,1227,3801,San Francisco,38,True,True,H,OTHER,,Wednesday,,,,,False,False,False,,B,PEDESTRIAN,,1,0,CLEAR,,NO UNUSUAL CONDITIONS,,,A,DAYLIGHT,,,,,,,B,CROSSING IN CROSS WALK AT INTERSECTION,,A,21950B,,1,CASTRO ST,MISSI,,,A,W,18,MARKET ST,F,,A,2026-01-16T11:52:57,2026-01-16T11:52:57,,,2,,,,,,,
375408,5017219,250697118,1,False,3801,2025-12-14T00:19:00,19,E5,1227,3801,San Francisco,38,True,True,G,VEHICLE/PEDESTRAIN,,Sunday,,,,,False,False,False,,B,PEDESTRIAN,,1,0,CLEAR,,NO UNUSUAL CONDITIONS,,,C,DARK-STREET LIGHTS,,,,,,,D,CROSSING - NOT IN CROSSWALK,,A,21954A,,1,LOMBARD ST,NORTH,,,A,W,112,FILLMORE ST,F,,D,2026-01-16T11:03:00,2026-01-16T11:03:00,,,2,,,,,,,
375413,5017206,250698332,1,False,3801,2025-12-14T18:30:00,1830,4CAR,1227,3801,San Francisco,38,True,True,A,HEAD-ON,,Sunday,,,,,False,False,False,,B,PEDESTRIAN,,1,0,CLEAR,,NO UNUSUAL CONDITIONS,,,C,DARK-STREET LIGHTS,,,,,,,,,,D,,,,CLAREMONT BL,TARAV,,,A,,,CLAREMONT BL 200,,,A,2026-01-16T10:52:57,2026-01-16T10:52:57,,,2,,,,,,,
375419,5017198,250709008,1,False,3801,2025-12-19T19:34:00,1934,3E15D,1227,3801,San Francisco,38,True,True,G,VEHICLE/PEDESTRAIN,,Friday,,,,,False,False,False,,B,PEDESTRIAN,,1,0,RAINING,,NO UNUSUAL CONDITIONS,,,C,DARK-STREET LIGHTS,,,,,,,B,CROSSING IN CROSS WALK AT INTERSECTION,,A,21950A,,1,FRANKLIN ST,NORTH,,,B,,,PAGE ST,,,A,2026-01-16T10:47:57,2026-01-16T10:47:57,,,2,,,,,,,
375566,5016892,250667531,1,False,3801,2025-11-27T17:05:00,1705,3I15D,1227,3801,San Francisco,38,True,True,C,REAR END,,Thursday,,,,,False,False,False,,B,PEDESTRIAN,,1,0,CLEAR,,NO UNUSUAL CONDITIONS,,,D,DARK-NO STREET LIGHTS,37.712000,-122.486000,,,,,F,NOT IN ROAD,,A,22350,,1,LAKE MERCED BL,TARAV,,,A,,,LAKE MERCED BL 1100,,,D,2026-01-16T07:57:55,2026-01-16T07:57:55,,,2,,,,,,,
375581,5016867,250541725,1,False,3801,2025-09-25T21:30:00,2130,3B13D,1227,3801,San Francisco,38,True,True,B,SIDE SWIPE,,Thursday,,,F,,False,False,False,,,,,1,0,CLEAR,,NO UNUSUAL CONDITIONS,,,D,DARK-NO STREET LIGHTS,,,,,,,,,,D,,,,2ND ST,SOUTH,,,A,N,104,NATOMA ST,F,,A,2026-01-16T07:27:55,2026-01-16T07:27:55,,,2,,,,,,,
375845,5016035,250704581,1,False,3801,2025-12-17T19:34:00,1934,3C12D,1227,3801,San Francisco,38,True,True,G,VEHICLE/PEDESTRAIN,,Wednesday,,,M,,False,False,False,,B,PEDESTRIAN,,1,0,CLEAR,,NO UNUSUAL CONDITIONS,,,C,DARK-STREET LIGHTS,,,,,,,D,CROSSING - NOT IN CROSSWALK,,A,21950B,,1,EVANS,BAYVI,,,A,W,60,SELBY ST,F,,D,2026-01-15T16:47:53,2026-01-15T16:47:53,,,2,,,,,,,
375858,5016008,250705498,1,False,3801,2025-12-18T06:30:00,630,3C60,1227,3801,San Francisco,38,True,True,G,VEHICLE/PEDESTRAIN,,Thursday,,,,,False,False,False,,B,PEDESTRIAN,,1,0,CLEAR,,,,,A,DAYLIGHT,,,,,,,B,CROSSING IN CROSS WALK AT INTERSECTION,,A,21950A,,1,BAY SHORE BL,BAYVI,,,B,,,BACON ST,,,A,2026-01-15T16:17:53,2026-01-15T16:17:53,,,2,,,,,,,
375883,5015948,250670982,1,False,3801,2025-11-29T23:44:00,2344,3A14E,1227,3801,San Francisco,38,True,True,G,VEHICLE/PEDESTRAIN,,Saturday,,,,,False,False,False,,B,PEDESTRIAN,,1,0,CLEAR,,NO UNUSUAL CONDITIONS,,,C,DARK-STREET LIGHTS,,,,,,,E,IN ROAD - INCLUDES SHOULDER,,A,21954A,,1,BROADWAY,CENTR,,,A,W,125,MONTGOMERY ST,F,,D,2026-01-15T15:12:53,2026-01-15T15:12:53,,,2,,,,,,,
376035,5015600,250678657,1,False,3801,2025-12-04T06:38:00,638,3H15A,1227,3801,San Francisco,38,True,True,G,VEHICLE/PEDESTRAIN,,Thursday,,,,,False,False,False,,B,PEDESTRIAN,,1,0,CLEAR,,NO UNUSUAL CONDITIONS,,,A,DAYLIGHT,,,,,,,B,CROSSING IN CROSS WALK AT INTERSECTION,,A,21456A,,1,GENEVA AV,INGLE,,,A,,,ATHENS ST,,,,2026-01-15T12:02:52,2026-01-15T12:02:52,,,2,,,,,,,
376209,5015226,250712540,1,False,3801,2025-12-22T08:18:00,818,3E16A,1227,3801,San Francisco,38,True,True,G,VEHICLE/PEDESTRAIN,,Monday,,,,,False,False,False,,B,PEDESTRIAN,,1,0,RAINING,,NO UNUSUAL CONDITIONS,,,A,DAYLIGHT,,,,,,,B,CROSSING IN CROSS WALK AT INTERSECTION,,A,21950A,,1,POLK ST,NORTH,,,B,,,WASHINGTON ST,,,A,2026-01-15T09:37:51,2026-01-15T09:37:51,,,2,,,,,,,
376327,5014984,250-665-507,1,False,3801,2025-11-26T12:12:00,1212,,1227,3801,San Francisco,38,True,True,H,OTHER,,Wednesday,,,,,False,False,False,,B,PEDESTRIAN,,2,0,CLEAR,,NO UNUSUAL CONDITIONS,,,A,DAYLIGHT,,,,,,,F,NOT IN ROAD,,A,,,1,TURK ST,TENDE,,,A,,,LEAVENWORTH ST,,,D,2026-01-15T07:47:49,2026-01-15T07:47:49,,,2,,,,,,,
376393,5014872,250638407,1,False,3801,2025-11-12T15:09:00,1509,3D15C,1227,3801,San Francisco,38,True,True,G,VEHICLE/PEDESTRAIN,,Wednesday,,,,,False,False,False,,B,PEDESTRIAN,,1,0,CLEAR,,NO UNUSUAL CONDITIONS,,,A,DAYLIGHT,,,,,,,B,CROSSING IN CROSS WALK AT INTERSECTION,,A,21456A,,1,13TH ST,MISSI,,,A,E,10,MISSION ST,F,,A,2026-01-15T06:42:49,2026-01-15T06:42:49,,,2,,,,,,,
376736,5013871,250673334,1,False,3801,2025-12-01T14:30:00,1430,3B4,1227,3801,San Francisco,38,True,True,G,VEHICLE/PEDESTRAIN,,Monday,,,,,False,False,False,,B,PEDESTRIAN,,1,0,CLEAR,,NO UNUSUAL CONDITIONS,,,A,DAYLIGHT,,,,,,,B,CROSSING IN CROSS WALK AT INTERSECTION,,A,21950A,,1,MISSION ST,SOUTH,,,A,,,SOUTH VAN NESS AV,,,A,2026-01-14T13:52:46,2026-01-14T13:52:46,,,2,,,,,,,
376778,5013790,250709230,1,False,3801,2025-12-19T23:07:00,2307,,1227,3801,San Francisco,38,True,True,B,SIDE SWIPE,,Friday,,,F,,False,False,False,,B,PEDESTRIAN,,1,0,RAINING,,NO UNUSUAL CONDITIONS,,,C,DARK-STREET LIGHTS,,,,,,,,,,A,22107,,1,GEARY ST,CENTR,,,B,,,LARKIN ST,,,A,2026-01-14T13:17:46,2026-01-14T13:17:46,,,2,,,,,,,
376808,5013737,250709133,1,False,3801,2025-12-19T21:37:00,2137,3A14,1227,3801,San Francisco,38,True,True,G,VEHICLE/PEDESTRAIN,,Friday,,,,,False,False,False,,B,PEDESTRIAN,,1,0,RAINING,,NO UNUSUAL CONDITIONS,,,C,DARK-STREET LIGHTS,,,,,,,B,CROSSING IN CROSS WALK AT INTERSECTION,,A,22107,,1,BROADWAY,CENTR,,,B,,,MONTGOMERY ST,,,A,2026-01-14T13:02:45,2026-01-14T13:02:45,,,2,,,,,,,
376810,5013729,250675647,1,False,3801,2025-12-02T17:26:00,1726,BAYVIE,1227,3801,San Francisco,38,True,True,G,VEHICLE/PEDESTRAIN,,Tuesday,,,F,,False,False,False,,B,PEDESTRIAN,,1,0,CLEAR,,NO UNUSUAL CONDITIONS,,,C,DARK-STREET LIGHTS,,,,,,,D,CROSSING - NOT IN CROSSWALK,,A,22350A,,1,SAN BRUNO AV,BAYVI,,,A,S,34,GAVEN ST,F,,A,2026-01-14T12:57:45,2026-01-14T12:57:45,,,2,,,,,,,
376817,5013718,250717619,1,False,3801,2025-12-25T02:18:00,218,1,1227,3801,San Francisco,38,True,True,G,VEHICLE/PEDESTRAIN,,Thursday,,,,,False,False,True,,B,PEDESTRIAN,,1,0,RAINING,,NO UNUSUAL CONDITIONS,,,C,DARK-STREET LIGHTS,,,,,,,F,NOT IN ROAD,,A,22350,,1,MISSION ST,INGLE,,,B,,,30TH ST,,,A,2026-01-14T12:52:46,2026-01-14T12:52:46,,,2,,,,,,,
376840,5013686,250685464,1,False,3801,2025-12-07T17:52:00,1752,BAYVIE,1227,3801,San Francisco,38,True,True,G,VEHICLE/PEDESTRAIN,,Sunday,,,,,False,False,False,,B,PEDESTRIAN,,1,0,CLEAR,,NO UNUSUAL CONDITIONS,,,C,DARK-STREET LIGHTS,,,,,,,B,CROSSING IN CROSS WALK AT INTERSECTION,,A,21950,,1,GIRARD ST,BAYVI,,,A,,,BACON ST,,,A,2026-01-14T12:32:45,2026-01-14T12:32:45,,,2,,,,,,,
376982,5013456,250689648,1,False,3801,2025-12-10T07:41:00,741,3H15A,1227,3801,San Francisco,38,True,True,G,VEHICLE/PEDESTRAIN,,Wednesday,,,F,,False,False,False,,B,PEDESTRIAN,,1,0,CLEAR,,NO UNUSUAL CONDITIONS,,,A,DAYLIGHT,,,,,,,B,CROSSING IN CROSS WALK AT INTERSECTION,,A,21456A,,1,MISSION ST,INGLE,,,A,,,SICKLES AV,,,A,2026-01-14T10:27:44,2026-01-14T10:27:44,,,2,,,,,,,
377089,5013248,9350-2025-01720,1,False,9350,2025-12-13T14:48:00,1448,020,1227,3801,San Francisco,38,True,True,G,VEHICLE/PEDESTRAIN,,Saturday,NotApplicable,,,,False,False,False,SAN FRANCISCO SUPERIOR COURT SAN FRANCISCO,B,PEDESTRIAN,,1,0,CLEAR,,NO UNUSUAL CONDITIONS,,,A,DAYLIGHT,37.815557,-122.478191,,,,,F,NOT IN ROAD,2025-12-13T14:48:00,B,PEDESTRIAN MOVEMENT,,1,US 101 S/B (GGB WEST BIKE PATH),,,2026-01-14T08:55:49,A,N,465,SOUTH TOWER,F,,D,2026-01-14T08:55:49,2026-01-14T08:55:49,False,False,4,,2025-12-13T14:50:00,1450,True,EMBEDDED,,True
377692,5011866,250691386,1,False,3801,2025-12-11T05:50:00,550,3C12A,1227,3801,San Francisco,38,True,True,G,VEHICLE/PEDESTRAIN,,Thursday,,,,,False,False,False,,B,PEDESTRIAN,,1,0,CLEAR,,NO UNUSUAL CONDITIONS,,,B,DUSK-DAWN,,,,,,,D,CROSSING - NOT IN CROSSWALK,,A,21955A,,1,TOLAND ST,BAYVI,,,A,N,70,JERROLD AV,F,,D,2026-01-13T13:47:40,2026-01-13T13:47:40,,,2,,,,,,,
377700,5011854,250692425,1,False,3801,2025-12-11T14:53:00,1453,,1227,3801,San Francisco,38,True,True,G,VEHICLE/PEDESTRAIN,,Thursday,,,,,False,False,False,,B,PEDESTRIAN,,1,0,CLEAR,,NO UNUSUAL CONDITIONS,,,A,DAYLIGHT,,,,,,,E,IN ROAD - INCLUDES SHOULDER,,A,21954B,,1,OFARRELL ST,RICHM,,,A,E,282,MASONIC AV,F,,D,2026-01-13T13:42:40,2026-01-13T13:42:40,,,2,,,,,,,
377709,5011844,250694948,1,False,3801,2025-12-12T17:18:00,1718,3C16D,1227,3801,San Francisco,38,True,True,G,VEHICLE/PEDESTRAIN,,Friday,,,,,False,False,False,,B,PEDESTRIAN,,1,0,CLEAR,,NO UNUSUAL CONDITIONS,,,C,DARK-STREET LIGHTS,,,,,,,D,CROSSING - NOT IN CROSSWALK,,A,22350,,1,PAUL AV,BAYVI,,,A,,,CRANE ST,,,D,2026-01-13T13:37:40,2026-01-13T13:37:40,,,2,,,,,,,
377734,5011791,250701684,1,False,3801,2025-12-16T14:58:00,1458,3J13D,1227,3801,San Francisco,38,True,True,G,VEHICLE/PEDESTRAIN,,Tuesday,,,,,False,False,False,,B,PEDESTRIAN,,1,0,CLEAR,,CONSTRUCTION-REPAIR ZONE,,,A,DAYLIGHT,,,,,,,B,CROSSING IN CROSS WALK AT INTERSECTION,,A,21950A,,1,LARKIN ST,TENDE,,,A,N,7,GROVE ST,F,,A,2026-01-13T13:12:40,2026-01-13T13:12:40,,,2,,,,,,,
377993,5011231,250664139,1,False,3801,2025-11-25T16:14:00,1614,3E14D,1227,3801,San Francisco,38,True,True,G,VEHICLE/PEDESTRAIN,,Tuesday,,,,,False,False,False,,B,PEDESTRIAN,,1,0,CLEAR,,NO UNUSUAL CONDITIONS,,,A,DAYLIGHT,,,,,,,B,CROSSING IN CROSS WALK AT INTERSECTION,,A,21950A,,1,SCOTT ST,NORTH,,,A,,,BROADWAY ST,,,A,2026-01-13T09:46:54,2026-01-13T09:46:54,,,2,,,,,,,
378021,5011186,250650019,1,False,3801,2025-11-18T17:02:00,1702,3B11D,1227,3801,San Francisco,38,True,True,G,VEHICLE/PEDESTRAIN,,Tuesday,,,,,False,False,False,,B,PEDESTRIAN,,1,0,CLEAR,,NO UNUSUAL CONDITIONS,,,B,DUSK-DAWN,,,,,,,D,CROSSING - NOT IN CROSSWALK,,D,,,,2ND ST,SOUTH,,,A,,,STILLMAN ST,,,A,2026-01-13T09:31:54,2026-01-13T09:31:54,,,2,,,,,,,
378126,5011004,250602731,1,False,3801,2025-10-26T18:40:00,1840,4B2E,1227,3801,San Francisco,38,True,True,G,VEHICLE/PEDESTRAIN,,Sunday,,,F,,False,False,True,,B,PEDESTRIAN,,0,1,CLOUDY,,NO UNUSUAL CONDITIONS,,,C,DARK-STREET LIGHTS,,,,,,,B,CROSSING IN CROSS WALK AT INTERSECTION,,A,23152A,,1,OCEAN AV,TRAFF,,,B,E,9,ASHTON AV,F,,,2026-01-13T08:36:54,2026-01-13T08:36:54,,,2,,,,,,,
378135,5010984,250558479,1,False,3801,2025-10-04T02:10:00,210,4B1E,1227,3801,San Francisco,38,True,True,G,VEHICLE/PEDESTRAIN,,Saturday,,,F,,False,False,False,,B,PEDESTRIAN,,0,1,CLEAR,,NO UNUSUAL CONDITIONS,,,C,DARK-STREET LIGHTS,,,,,,,B,CROSSING IN CROSS WALK AT INTERSECTION,,A,21950A,,1,CORTLAND AV,TRAFF,,,A,W,4,ANDERSON ST,F,,D,2026-01-13T08:26:54,2026-01-13T08:26:54,,,2,,,,,,,
378176,5010892,250442101,1,False,3801,2025-08-10T03:15:00,315,4B1E,1227,3801,San Francisco,38,True,True,G,VEHICLE/PEDESTRAIN,,Sunday,,,,,False,False,True,,,,,0,1,CLEAR,,NO UNUSUAL CONDITIONS,,,C,DARK-STREET LIGHTS,,,,,,,B,CROSSING IN CROSS WALK AT INTERSECTION,,A,21950C,,1,6TH ST,TRAFF,,,A,N,18,HOWARD ST,F,,A,2026-01-13T07:51:54,2026-01-13T07:51:54,,,2,,,,,,,
378192,5010868,250668799,1,False,3801,2025-11-28T16:44:00,1644,3H60,1227,3801,San Francisco,38,True,True,,,,Friday,,,,,False,False,False,,B,PEDESTRIAN,,1,0,CLEAR,,NO UNUSUAL CONDITIONS,,,A,DAYLIGHT,,,,,,,D,CROSSING - NOT IN CROSSWALK,,A,21955A,,1,MISSION ST,INGLE,,,A,,,CORTLAND AV,,,A,2026-01-13T07:41:54,2026-01-13T07:41:54,,,2,,,,,,,
378264,5010736,250648917,1,False,3801,2025-11-18T08:27:00,827,,1227,3801,San Francisco,38,True,True,G,VEHICLE/PEDESTRAIN,,Tuesday,,,,,False,True,False,,B,PEDESTRIAN,,1,0,CLEAR,,NO UNUSUAL CONDITIONS,,,B,DUSK-DAWN,,,,,,,B,CROSSING IN CROSS WALK AT INTERSECTION,,A,21950A,,1,BOSWORTH ST,INGLE,,,A,,,RT 280,,,D,2026-01-13T06:26:53,2026-01-13T06:26:53,,,2,,,,,,,
378674,5009767,250631718,1,False,3801,2025-11-09T09:13:00,913,0600,1227,3801,San Francisco,38,True,True,G,VEHICLE/PEDESTRAIN,,Sunday,,,,,False,False,False,,B,PEDESTRIAN,,1,0,CLEAR,,NO UNUSUAL CONDITIONS,,,A,DAYLIGHT,,,,,,,B,CROSSING IN CROSS WALK AT INTERSECTION,,A,21456A,,1,OAK ST,PARK,,,A,,,BAKER ST,,,A,2026-01-12T13:11:51,2026-01-12T13:11:51,,,2,,,,,,,
378693,5009738,250629111,1,False,3801,2025-11-07T19:20:00,1920,3A42C,1227,3801,San Francisco,38,True,True,D,BROADSIDE,,Friday,,,,,False,False,False,,B,PEDESTRIAN,,1,0,CLEAR,,NO UNUSUAL CONDITIONS,,,C,DARK-STREET LIGHTS,,,,,,,B,CROSSING IN CROSS WALK AT INTERSECTION,,A,21950A,,1,UNION ST,CENTR,,,A,,,STOCKTON ST,,,D,2026-01-12T13:01:51,2026-01-12T13:01:51,,,2,,,,,,,
378704,5009723,250662882,1,False,3801,2025-11-25T06:24:00,624,3C13A,1227,3801,San Francisco,38,True,True,G,VEHICLE/PEDESTRAIN,,Tuesday,,,F,,False,False,False,,B,PEDESTRIAN,,1,0,CLEAR,,NO UNUSUAL CONDITIONS,,,C,DARK-STREET LIGHTS,,,,,,,B,CROSSING IN CROSS WALK AT INTERSECTION,,A,22450A,,1,PALOU AV,BAYVI,,,,,,JENNINGS ST,,,A,2026-01-12T12:56:51,2026-01-12T12:56:51,,,2,,,,,,,
378715,5009707,250666373,1,False,3801,2025-11-26T20:00:00,2000,3A11D,1227,3801,San Francisco,38,True,True,G,VEHICLE/PEDESTRAIN,,Wednesday,,,,,False,False,False,,B,PEDESTRIAN,,1,0,CLEAR,,NO UNUSUAL CONDITIONS,,,C,DARK-STREET LIGHTS,,,,,,,B,CROSSING IN CROSS WALK AT INTERSECTION,,A,21950A,,1,PINE ST,CENTR,,,A,,,HYDE ST,,,A,2026-01-12T12:51:51,2026-01-12T12:51:51,,,2,,,,,,,
378732,5009684,250662252,1,False,3801,2025-11-24T17:30:00,1730,NORTHE,1227,3801,San Francisco,38,True,True,G,VEHICLE/PEDESTRAIN,,Monday,,,,,False,False,False,,B,PEDESTRIAN,,1,0,CLEAR,,NO UNUSUAL CONDITIONS,,,C,DARK-STREET LIGHTS,,,,,,,B,CROSSING IN CROSS WALK AT INTERSECTION,,A,21950A,,1,BUCHANAN ST,NORTH,,,A,S,5,UNION ST,F,,A,2026-01-12T12:36:49,2026-01-12T12:36:49,,,2,,,,,,,
378743,5009665,250657338,1,False,3801,2025-11-21T21:56:00,2156,E5,1227,3801,San Francisco,38,True,True,G,VEHICLE/PEDESTRAIN,,Friday,,,,,False,False,False,,B,PEDESTRIAN,,1,0,CLEAR,,NO UNUSUAL CONDITIONS,,,C,DARK-STREET LIGHTS,,,,,,,D,CROSSING - NOT IN CROSSWALK,,A,21954A,,1,GREENWICH ST,NORTH,,,A,E,108,FILLMORE ST,F,,D,2026-01-12T12:26:49,2026-01-12T12:26:49,,,2,,,,,,,
378753,5009651,250663755,1,False,3801,2025-11-25T17:44:00,1744,3A41C,1227,3801,San Francisco,38,True,True,G,VEHICLE/PEDESTRAIN,,Tuesday,,,,,False,False,False,,B,PEDESTRIAN,,1,0,CLEAR,,NO UNUSUAL CONDITIONS,,,A,DAYLIGHT,,,,,,,B,CROSSING IN CROSS WALK AT INTERSECTION,,A,21950C,,1,POST ST,CENTR,,,A,,,JONES ST,,,A,2026-01-12T12:21:49,2026-01-12T12:21:49,,,2,,,,,,,
378770,5009620,250664167,1,False,3801,2025-11-25T16:25:00,1625,3J15E,1227,3801,San Francisco,38,True,True,G,VEHICLE/PEDESTRAIN,,Tuesday,,,,,False,False,False,,B,PEDESTRIAN,,1,0,CLEAR,,NO UNUSUAL CONDITIONS,,,A,DAYLIGHT,,,,,,,D,CROSSING - NOT IN CROSSWALK,,A,21954,,1,9TH ST,TENDE,,,A,,,JESSIE ST,,,D,2026-01-12T12:06:49,2026-01-12T12:06:49,,,2,,,,,,,
378791,5009367,250655542,1,False,3801,2025-08-25T13:00:00,1300,3J15E,1227,3801,San Francisco,38,True,True,G,VEHICLE/PEDESTRAIN,,Monday,,,F,,False,False,False,,B,PEDESTRIAN,,1,0,OTHER,,OTHER*,,,A,DAYLIGHT,,,,,,,E,IN ROAD - INCLUDES SHOULDER,,A,21950B,,1,EDDY ST,TENDE,,,A,,,EDDY ST 100 BLK,,,,2026-01-12T11:32:31,2026-01-12T11:32:31,,,2,,,,,,,
378875,5009195,250662917,1,False,3801,2025-11-25T06:41:00,641,3C13A,1227,3801,San Francisco,38,True,True,A,HEAD-ON,,Tuesday,,,,,False,False,False,,B,PEDESTRIAN,,1,0,CLEAR,,NO UNUSUAL CONDITIONS,,,A,DAYLIGHT,,,,,,,D,CROSSING - NOT IN CROSSWALK,,A,21954A,,1,3RD ST,BAYVI,,,A,,,GALVEZ AV,,,A,2026-01-12T10:41:48,2026-01-12T10:41:48,,,2,,,,,,,
378884,5009177,250655166,1,False,3801,2025-11-20T18:32:00,1832,3H16D,1227,3801,San Francisco,38,True,True,B,SIDE SWIPE,,Thursday,,,,,False,False,False,,B,PEDESTRIAN,,1,0,CLEAR,,NO UNUSUAL CONDITIONS,,,C,DARK-STREET LIGHTS,,,,,,,B,CROSSING IN CROSS WALK AT INTERSECTION,,A,21950A,,1,TALBERT ST,INGLE,,,A,,,SUNNYDALE AV,,,D,2026-01-12T10:36:48,2026-01-12T10:36:48,,,2,,,,,,,
378895,5009160,250657639,1,False,3801,2025-11-22T02:44:00,244,3J15E,1227,3801,San Francisco,38,True,True,G,VEHICLE/PEDESTRAIN,,Saturday,,,F,,False,False,False,,B,PEDESTRIAN,,1,0,CLEAR,,NO UNUSUAL CONDITIONS,,,C,DARK-STREET LIGHTS,,,,,,,D,CROSSING - NOT IN CROSSWALK,,A,22106,,1,GOLDEN GATE AV,TENDE,,,A,,,JONES ST,,,D,2026-01-12T10:31:48,2026-01-12T10:31:48,,,2,,,,,,,
378932,5009094,250668454,1,False,3801,2025-11-24T18:00:00,1800,3C13A,1227,3801,San Francisco,38,True,True,D,BROADSIDE,,Monday,,,F,,False,False,False,,B,PEDESTRIAN,,1,0,OTHER,,OTHER*,,,A,DAYLIGHT,,,,,,,,,,A,21800B,,1,MENDELL ST,BAYVI,,,A,,,MCKINNON AV,,,A,2026-01-12T10:06:48,2026-01-12T10:06:48,,,2,,,,,,,
378948,5009063,250670697,1,False,3801,2025-11-29T18:45:00,1845,3F1D,1227,3801,San Francisco,38,True,True,G,VEHICLE/PEDESTRAIN,,Saturday,,,F,,False,False,False,,B,PEDESTRIAN,,1,0,CLEAR,,NO UNUSUAL CONDITIONS,,,C,DARK-STREET LIGHTS,,,,,,,B,CROSSING IN CROSS WALK AT INTERSECTION,,A,22350,,1,JUDAH ST,PARK,,,A,,,7TH AV,,,A,2026-01-12T09:56:48,2026-01-12T09:56:48,,,2,,,,,,,
379072,5008875,250679417,1,False,3801,2025-11-24T14:23:00,1423,901,1227,3801,San Francisco,38,True,True,G,VEHICLE/PEDESTRAIN,,Monday,,,,,False,False,False,,B,PEDESTRIAN,,1,0,CLEAR,,NO UNUSUAL CONDITIONS,,,B,DUSK-DAWN,,,,,,,D,CROSSING - NOT IN CROSSWALK,,A,21954A,,1,EDDY ST,TENDE,,,B,W,245,HYDE ST,F,,D,2026-01-12T09:06:45,2026-01-12T09:06:45,,,2,,,,,,,
379130,5008786,250635378,1,False,3801,2025-11-11T07:00:00,700,3J15A,1227,3801,San Francisco,38,True,True,G,VEHICLE/PEDESTRAIN,,Tuesday,,,F,,False,False,False,,B,PEDESTRIAN,,1,0,CLOUDY,,NO UNUSUAL CONDITIONS,,,A,DAYLIGHT,,,,,,,B,CROSSING IN CROSS WALK AT INTERSECTION,,A,21453A,,1,JONES ST,TENDE,,,A,S,15,ELLIS ST,F,,A,2026-01-12T08:36:45,2026-01-12T08:36:45,,,2,,,,,,,
379138,5008771,250637954,1,False,3801,2025-11-12T12:43:00,1243,3J14A,1227,3801,San Francisco,38,True,True,G,VEHICLE/PEDESTRAIN,,Wednesday,,,F,,False,False,False,,B,PEDESTRIAN,,1,0,CLEAR,,NO UNUSUAL CONDITIONS,,,A,DAYLIGHT,,,,,,,E,IN ROAD - INCLUDES SHOULDER,,A,21954A,,,LARKIN ST,TENDE,,,A,S,84,GEARY ST,F,,A,2026-01-12T08:31:45,2026-01-12T08:31:45,,,2,,,,,,,
379150,5008755,250665278,1,False,3801,2025-11-26T10:50:00,1050,3D11A,1227,3801,San Francisco,38,True,True,D,BROADSIDE,,Wednesday,,,,,False,False,False,,B,PEDESTRIAN,,1,0,CLEAR,,NO UNUSUAL CONDITIONS,,,A,DAYLIGHT,,,,,,,B,CROSSING IN CROSS WALK AT INTERSECTION,,A,21950A,,1,DOLORES ST,MISSI,,,A,,,16TH ST,,,A,2026-01-12T08:26:46,2026-01-12T08:26:46,,,2,,,,,,,
379168,5008732,250671639,1,False,3801,2025-11-30T12:02:00,1202,3B14E,1227,3801,San Francisco,38,True,True,G,VEHICLE/PEDESTRAIN,,Sunday,,,,,False,False,False,,B,PEDESTRIAN,,1,0,CLEAR,,NO UNUSUAL CONDITIONS,,,A,DAYLIGHT,,,,,,,B,CROSSING IN CROSS WALK AT INTERSECTION,,A,21950B,,1,CHURCH ST,MISSI,,,A,S,5,15TH ST,F,,A,2026-01-12T08:21:45,2026-01-12T08:21:45,,,2,,,,,,,